StationID,DataTime,AirTemperature,RelativeHumidity,Precipitation
C0FA70,2025-04-25T01:00:00,9.8,91.0,0.0
C0FA70,2025-04-25T02:00:00,10.3,95.0,0.0
C0FA70,2025-04-25T03:00:00,10.5,90.0,0.0
C0FA70,2025-04-25T04:00:00,10.2,90.0,0.0
C0FA70,2025-04-25T05:00:00,9.9,87.0,0.0
C0FA70,2025-04-25T06:00:00,10.6,94.0,0.0
C0FA70,2025-04-25T07:00:00,10.6,91.0,0.0
C0FA70,2025-04-25T08:00:00,10.8,94.0,0.0
C0FA70,2025-04-25T09:00:00,10.4,96.0,0.0
C0FA70,2025-04-25T10:00:00,10.6,97.0,0.0
C0FA70,2025-04-25T11:00:00,11.0,98.0,0.0
C0FA70,2025-04-25T12:00:00,,,0.0
C0FA70,2025-04-25T13:00:00,,,0.0
C0FA70,2025-04-25T14:00:00,11.5,99.0,0.0
C0FA70,2025-04-25T15:00:00,11.6,99.0,0.0
C0FA70,2025-04-25T16:00:00,11.7,99.0,0.0
C0FA70,2025-04-25T17:00:00,11.6,99.0,0.0
C0FA70,2025-04-25T18:00:00,11.4,99.0,0.0
C0FA70,2025-04-25T19:00:00,11.7,99.0,0.0
C0FA70,2025-04-25T20:00:00,11.8,99.0,0.0
C0FA70,2025-04-25T21:00:00,12.0,99.0,0.0
C0FA70,2025-04-25T22:00:00,11.9,99.0,0.0
C0FA70,2025-04-25T23:00:00,,,0.0
C0FA70,2025-04-25T23:59:00,10.3,99.0,0.0
C0FA70,2025-04-26T01:00:00,10.5,99.0,0.0
C0FA70,2025-04-26T02:00:00,10.9,99.0,0.0
C0FA70,2025-04-26T03:00:00,10.8,99.0,0.0
C0FA70,2025-04-26T04:00:00,10.5,99.0,0.0
C0FA70,2025-04-26T05:00:00,10.6,99.0,0.0
C0FA70,2025-04-26T06:00:00,,,0.0
C0FA70,2025-04-26T07:00:00,,,0.0
C0FA70,2025-04-26T08:00:00,11.3,99.0,0.0
C0FA70,2025-04-26T09:00:00,11.4,99.0,0.0
C0FA70,2025-04-26T10:00:00,,,0.0
C0FA70,2025-04-26T11:00:00,11.3,99.0,0.0
C0FA70,2025-04-26T12:00:00,10.8,99.0,0.0
C0FA70,2025-04-26T13:00:00,10.6,99.0,0.0
C0FA70,2025-04-26T14:00:00,10.0,98.0,0.0
C0FA70,2025-04-26T15:00:00,,,0.0
C0FA70,2025-04-26T16:00:00,10.6,99.0,0.0
C0FA70,2025-04-26T17:00:00,11.0,99.0,0.0
C0FA70,2025-04-26T18:00:00,,,0.0
C0FA70,2025-04-26T19:00:00,11.0,98.0,0.0
C0FA70,2025-04-26T20:00:00,10.7,98.0,0.0
C0FA70,2025-04-26T21:00:00,10.5,96.0,0.0
C0FA70,2025-04-26T22:00:00,10.5,95.0,0.0
C0FA70,2025-04-26T23:00:00,10.1,97.0,0.0
C0FA70,2025-04-26T23:59:00,,,0.0
C0FA70,2025-04-27T01:00:00,10.2,96.0,0.0
C0FA70,2025-04-27T02:00:00,9.9,96.0,0.0
C0FA70,2025-04-27T03:00:00,,,0.0
C0FA70,2025-04-27T04:00:00,10.5,96.0,0.0
C0FA70,2025-04-27T05:00:00,10.2,98.0,0.0
C0FA70,2025-04-27T06:00:00,10.5,97.0,0.0
C0FA70,2025-04-27T07:00:00,,,0.0
C0FA70,2025-04-27T08:00:00,13.7,93.0,0.0
C0FA70,2025-04-27T09:00:00,15.0,93.0,0.0
C0FA70,2025-04-27T10:00:00,15.3,93.0,0.0
C0FA70,2025-04-27T11:00:00,14.5,92.0,0.0
C0FA70,2025-04-27T12:00:00,14.1,94.0,0.0
C0FA70,2025-04-27T13:00:00,14.5,95.0,0.0
C0FA70,2025-04-27T14:00:00,14.1,96.0,0.0
C0FA70,2025-04-27T15:00:00,13.5,96.0,0.0
C0FA70,2025-04-27T16:00:00,11.9,97.0,0.0
C0FA70,2025-04-27T17:00:00,10.9,98.0,0.0
C0FA70,2025-04-27T18:00:00,11.2,99.0,0.0
C0FA70,2025-04-27T19:00:00,10.9,99.0,0.0
C0FA70,2025-04-27T20:00:00,10.7,98.0,0.0
C0FA70,2025-04-27T21:00:00,10.9,99.0,0.0
C0FA70,2025-04-27T22:00:00,,,0.0
C0FA70,2025-04-27T23:00:00,11.1,99.0,0.0
C0FA70,2025-04-27T23:59:00,11.1,99.0,0.0
C0FA70,2025-04-28T01:00:00,11.3,99.0,
C0FA70,2025-04-28T02:00:00,11.3,99.0,
C0FA70,2025-04-28T03:00:00,11.1,99.0,
C0FA70,2025-04-28T04:00:00,11.1,99.0,
C0FA70,2025-04-28T05:00:00,11.1,99.0,
C0FA70,2025-04-28T06:00:00,11.2,99.0,
C0FA70,2025-04-28T07:00:00,,,
C0FA70,2025-04-28T08:00:00,11.7,99.0,
C0FA70,2025-04-28T09:00:00,11.5,99.0,
C0FA70,2025-04-28T10:00:00,11.9,99.0,
C0FA70,2025-04-28T11:00:00,,,
C0FA70,2025-04-28T12:00:00,13.5,99.0,
C0FA70,2025-04-28T13:00:00,14.1,99.0,
C0FA70,2025-04-28T14:00:00,14.2,99.0,
C0FA70,2025-04-28T15:00:00,14.2,99.0,
C0FA70,2025-04-28T16:00:00,14.0,99.0,
C0FA70,2025-04-28T17:00:00,11.5,98.0,
C0FA70,2025-04-28T18:00:00,11.1,98.0,
C0FA70,2025-04-28T19:00:00,10.8,91.0,
C0FA70,2025-04-28T20:00:00,10.7,91.0,
C0FA70,2025-04-28T21:00:00,10.7,92.0,
C0FA70,2025-04-28T22:00:00,10.6,91.0,
C0FA70,2025-04-28T23:00:00,10.6,92.0,
C0FA70,2025-04-28T23:59:00,10.5,91.0,
C0FA70,2025-04-29T01:00:00,10.3,94.0,
C0FA70,2025-04-29T02:00:00,10.0,92.0,
C0FA70,2025-04-29T03:00:00,10.5,94.0,
C0FA70,2025-04-29T04:00:00,,,
C0FA70,2025-04-29T05:00:00,10.0,92.0,
C0FA70,2025-04-29T06:00:00,10.0,91.0,
C0FA70,2025-04-29T07:00:00,10.7,92.0,
C0FA70,2025-04-29T08:00:00,11.6,92.0,
C0FA70,2025-04-29T09:00:00,13.6,95.0,
C0FA70,2025-04-29T10:00:00,,,
C0FA70,2025-04-29T11:00:00,13.8,93.0,
C0FA70,2025-04-29T12:00:00,12.0,94.0,
C0FA70,2025-04-29T13:00:00,14.4,92.0,
C0FA70,2025-04-29T14:00:00,14.1,94.0,
C0FA70,2025-04-29T15:00:00,14.0,94.0,
C0FA70,2025-04-29T16:00:00,12.1,93.0,
C0FA70,2025-04-29T17:00:00,,,
C0FA70,2025-04-29T18:00:00,11.3,90.0,
C0FA70,2025-04-29T19:00:00,10.1,95.0,
C0FA70,2025-04-29T20:00:00,10.4,95.0,
C0FA70,2025-04-29T21:00:00,10.3,96.0,
C0FA70,2025-04-29T22:00:00,10.0,93.0,
C0FA70,2025-04-29T23:00:00,9.5,92.0,
C0FA70,2025-04-29T23:59:00,9.3,91.0,
C0FA70,2025-04-30T01:00:00,9.2,92.0,
C0FA70,2025-04-30T02:00:00,9.9,95.0,
C0FA70,2025-04-30T03:00:00,10.0,96.0,
C0FA70,2025-04-30T04:00:00,9.1,90.0,
C0FA70,2025-04-30T05:00:00,10.1,93.0,
C0FA70,2025-04-30T06:00:00,8.4,89.0,
C0FA70,2025-04-30T07:00:00,11.5,76.0,
C0FA70,2025-04-30T08:00:00,11.9,83.0,
C0FA70,2025-04-30T09:00:00,14.2,80.0,
C0FA70,2025-04-30T10:00:00,,,
C0FA70,2025-04-30T11:00:00,,,
C0FA70,2025-04-30T12:00:00,16.2,84.0,
C0FA70,2025-04-30T13:00:00,15.5,94.0,
C0FA70,2025-04-30T14:00:00,16.3,87.0,
C0FA70,2025-04-30T15:00:00,16.6,85.0,
C0FA70,2025-04-30T16:00:00,14.5,93.0,
C0FA70,2025-04-30T17:00:00,13.7,92.0,
C0FA70,2025-04-30T18:00:00,11.2,90.0,0.0
C0FA70,2025-04-30T19:00:00,11.2,96.0,0.0
C0FA70,2025-04-30T20:00:00,10.5,96.0,0.0
C0FA70,2025-04-30T21:00:00,10.7,96.0,0.0
C0FA70,2025-04-30T22:00:00,10.3,96.0,0.0
C0FA70,2025-04-30T23:00:00,10.2,96.0,0.0
C0FA70,2025-04-30T23:59:00,10.2,94.0,0.0
C0FA70,2025-05-01T01:00:00,10.0,93.0,0.0
C0FA70,2025-05-01T02:00:00,9.9,95.0,0.0
C0FA70,2025-05-01T03:00:00,10.1,96.0,0.0
C0FA70,2025-05-01T04:00:00,9.9,96.0,0.0
C0FA70,2025-05-01T05:00:00,9.8,98.0,0.0
C0FA70,2025-05-01T06:00:00,9.2,92.0,0.0
C0FA70,2025-05-01T07:00:00,9.8,93.0,0.0
C0FA70,2025-05-01T08:00:00,11.1,73.0,0.0
C0FA70,2025-05-01T09:00:00,13.0,72.0,0.0
C0FA70,2025-05-01T10:00:00,14.8,70.0,0.0
C0FA70,2025-05-01T11:00:00,11.7,88.0,0.0
C0FA70,2025-05-01T12:00:00,12.6,92.0,0.0
C0FA70,2025-05-01T13:00:00,11.4,94.0,0.0
C0FA70,2025-05-01T14:00:00,10.5,93.0,0.0
C0FA70,2025-05-01T15:00:00,11.7,92.0,0.0
C0FA70,2025-05-01T16:00:00,12.1,90.0,0.0
C0FA70,2025-05-01T17:00:00,12.4,90.0,0.0
C0FA70,2025-05-01T18:00:00,14.3,84.0,0.0
C0FA70,2025-05-01T19:00:00,11.9,85.0,0.0
C0FA70,2025-05-01T20:00:00,13.9,83.0,0.0
C0FA70,2025-05-01T21:00:00,10.6,92.0,0.0
C0FA70,2025-05-01T22:00:00,12.1,85.0,0.0
C0FA70,2025-05-01T23:00:00,11.9,87.0,0.0
C0FA70,2025-05-01T23:59:00,10.9,93.0,0.0
C0FA70,2025-05-02T01:00:00,10.5,95.0,0.0
C0FA70,2025-05-02T02:00:00,10.2,96.0,0.0
C0FA70,2025-05-02T03:00:00,10.0,92.0,0.0
C0FA70,2025-05-02T04:00:00,10.6,89.0,0.0
C0FA70,2025-05-02T05:00:00,11.4,90.0,0.0
C0FA70,2025-05-02T06:00:00,11.9,87.0,0.0
C0FA70,2025-05-02T07:00:00,15.4,77.0,0.0
C0FA70,2025-05-02T08:00:00,16.1,71.0,0.0
C0FA70,2025-05-02T09:00:00,16.2,72.0,0.0
C0FA70,2025-05-02T10:00:00,17.9,70.0,0.0
C0FA70,2025-05-02T11:00:00,19.2,68.0,0.0
C0FA70,2025-05-02T12:00:00,19.1,68.0,0.0
C0FA70,2025-05-02T13:00:00,18.9,76.0,0.0
C0FA70,2025-05-02T14:00:00,18.7,82.0,0.0
C0FA70,2025-05-02T15:00:00,15.6,96.0,0.0
C0FA70,2025-05-02T16:00:00,14.5,92.0,0.0
C0FA70,2025-05-02T17:00:00,14.4,94.0,0.0
C0FA70,2025-05-02T18:00:00,14.2,88.0,0.0
C0FA70,2025-05-02T19:00:00,12.3,88.0,0.0
C0FA70,2025-05-02T20:00:00,11.4,90.0,0.0
C0FA70,2025-05-02T21:00:00,10.9,96.0,0.0
C0FA70,2025-05-02T22:00:00,11.4,95.0,0.0
C0FA70,2025-05-02T23:00:00,11.5,93.0,0.0
C0FA70,2025-05-02T23:59:00,11.5,91.0,0.0
C0FA70,2025-05-03T01:00:00,11.6,93.0,0.0
C0FA70,2025-05-03T02:00:00,11.7,95.0,0.0
C0FA70,2025-05-03T03:00:00,11.5,96.0,0.0
C0FA70,2025-05-03T04:00:00,11.2,95.0,0.0
C0FA70,2025-05-03T05:00:00,10.6,95.0,0.0
C0FA70,2025-05-03T06:00:00,11.0,96.0,0.0
C0FA70,2025-05-03T07:00:00,11.1,96.0,0.0
C0FA70,2025-05-03T08:00:00,11.3,96.0,0.0
C0FA70,2025-05-03T09:00:00,12.4,94.0,0.0
C0FA70,2025-05-03T10:00:00,14.4,90.0,0.0
C0FA70,2025-05-03T11:00:00,15.2,91.0,0.0
C0FA70,2025-05-03T12:00:00,15.0,90.0,0.0
C0FA70,2025-05-03T13:00:00,14.2,92.0,0.0
C0FA70,2025-05-03T14:00:00,14.2,93.0,0.0
C0FA70,2025-05-03T15:00:00,14.2,95.0,0.0
C0FA70,2025-05-03T16:00:00,12.0,96.0,0.0
C0FA70,2025-05-03T17:00:00,13.4,97.0,0.0
C0FA70,2025-05-03T18:00:00,13.7,96.0,0.0
C0FA70,2025-05-03T19:00:00,11.7,97.0,0.0
C0FA70,2025-05-03T20:00:00,11.9,93.0,0.0
C0FA70,2025-05-03T21:00:00,11.6,90.0,0.0
C0FA70,2025-05-03T22:00:00,11.8,94.0,0.0
C0FA70,2025-05-03T23:00:00,11.4,96.0,0.0
C0FA70,2025-05-03T23:59:00,11.7,96.0,0.0
C0FA70,2025-05-04T01:00:00,11.6,95.0,0.0
C0FA70,2025-05-04T02:00:00,11.6,96.0,0.0
C0FA70,2025-05-04T03:00:00,11.7,96.0,0.0
C0FA70,2025-05-04T04:00:00,11.7,96.0,0.0
C0FA70,2025-05-04T05:00:00,11.7,97.0,0.0
C0FA70,2025-05-04T06:00:00,11.9,96.0,0.0
C0FA70,2025-05-04T07:00:00,14.1,92.0,0.0
C0FA70,2025-05-04T08:00:00,15.2,93.0,0.0
C0FA70,2025-05-04T09:00:00,15.2,95.0,0.0
C0FA70,2025-05-04T10:00:00,15.9,94.0,0.0
C0FA70,2025-05-04T11:00:00,15.3,93.0,0.0
C0FA70,2025-05-04T12:00:00,15.6,93.0,0.0
C0FA70,2025-05-04T13:00:00,15.1,94.0,0.0
C0FA70,2025-05-04T14:00:00,14.8,97.0,0.0
C0FA70,2025-05-04T15:00:00,13.8,98.0,12.0
C0FA70,2025-05-04T16:00:00,14.7,98.0,0.0
C0FA70,2025-05-04T17:00:00,14.1,97.0,0.0
C0FA70,2025-05-04T18:00:00,14.1,98.0,0.0
C0FA70,2025-05-04T19:00:00,12.5,97.0,0.0
C0FA70,2025-05-04T20:00:00,14.0,97.0,0.0
C0FA70,2025-05-04T21:00:00,13.9,98.0,0.0
C0FA70,2025-05-04T22:00:00,12.1,98.0,0.5
C0FA70,2025-05-04T23:00:00,14.2,98.0,0.0
C0FA70,2025-05-04T23:59:00,14.2,98.0,0.0
C0FA70,2025-05-05T01:00:00,14.0,99.0,0.0
C0FA70,2025-05-05T02:00:00,13.9,99.0,0.0
C0FA70,2025-05-05T03:00:00,11.5,99.0,0.0
C0FA70,2025-05-05T04:00:00,11.8,99.0,0.0
C0FA70,2025-05-05T05:00:00,11.8,99.0,0.0
C0FA70,2025-05-05T06:00:00,11.5,99.0,0.0
C0FA70,2025-05-05T07:00:00,11.7,99.0,0.0
C0FA70,2025-05-05T08:00:00,11.8,99.0,0.0
C0FA70,2025-05-05T09:00:00,12.6,99.0,0.0
C0FA70,2025-05-05T10:00:00,14.3,98.0,0.0
C0FA70,2025-05-05T11:00:00,14.7,96.0,0.0
C0FA70,2025-05-05T12:00:00,14.9,95.0,0.0
C0FA70,2025-05-05T13:00:00,15.2,93.0,0.0
C0FA70,2025-05-05T14:00:00,14.9,96.0,0.0
C0FA70,2025-05-05T15:00:00,15.0,96.0,0.0
C0FA70,2025-05-05T16:00:00,14.3,99.0,0.0
C0FA70,2025-05-05T17:00:00,14.6,99.0,0.0
C0FA70,2025-05-05T18:00:00,14.1,99.0,0.0
C0FA70,2025-05-05T19:00:00,12.1,99.0,0.0
C0FA70,2025-05-05T20:00:00,13.5,99.0,0.0
C0FA70,2025-05-05T21:00:00,11.0,99.0,0.0
C0FA70,2025-05-05T22:00:00,11.5,97.0,0.0
C0FA70,2025-05-05T23:00:00,11.4,97.0,0.0
C0FA70,2025-05-05T23:59:00,11.4,92.0,0.0
C0FA70,2025-05-06T01:00:00,11.9,94.0,0.0
C0FA70,2025-05-06T02:00:00,12.0,95.0,0.0
C0FA70,2025-05-06T03:00:00,13.2,96.0,0.0
C0FA70,2025-05-06T04:00:00,12.2,96.0,0.0
C0FA70,2025-05-06T05:00:00,13.6,96.0,0.0
C0FA70,2025-05-06T06:00:00,12.4,97.0,0.0
C0FA70,2025-05-06T07:00:00,14.0,95.0,0.0
C0FA70,2025-05-06T08:00:00,14.3,93.0,0.0
C0FA70,2025-05-06T09:00:00,14.6,97.0,0.0
C0FA70,2025-05-06T10:00:00,14.6,96.0,0.0
C0FA70,2025-05-06T11:00:00,14.6,94.0,0.0
C0FA70,2025-05-06T12:00:00,14.7,94.0,0.0
C0FA70,2025-05-06T13:00:00,15.7,94.0,0.0
C0FA70,2025-05-06T14:00:00,,,0.0
C0FA70,2025-05-06T15:00:00,,,
C0FA70,2025-05-06T16:00:00,,,
C0FA70,2025-05-06T17:00:00,,,
C0FA70,2025-05-06T18:00:00,15.4,93.0,0.0
C0FA70,2025-05-06T19:00:00,14.2,95.0,0.0
C0FA70,2025-05-06T20:00:00,14.0,95.0,0.0
C0FA70,2025-05-06T21:00:00,14.2,97.0,2.5
C0FA70,2025-05-06T22:00:00,13.9,98.0,2.5
C0FA70,2025-05-06T23:00:00,14.1,98.0,0.0
C0FA70,2025-05-06T23:59:00,14.1,98.0,3.0
C0FA70,2025-05-07T01:00:00,14.1,99.0,0.0
C0FA70,2025-05-07T02:00:00,14.3,99.0,1.0
C0FA70,2025-05-07T03:00:00,13.8,99.0,3.0
C0FA70,2025-05-07T04:00:00,14.0,99.0,0.0
C0FA70,2025-05-07T05:00:00,14.2,99.0,0.5
C0FA70,2025-05-07T06:00:00,14.4,99.0,6.5
C0FA70,2025-05-07T07:00:00,14.5,99.0,15.5
C0FA70,2025-05-07T08:00:00,14.5,99.0,27.0
C0FA70,2025-05-07T09:00:00,14.4,99.0,25.5
C0FA70,2025-05-07T10:00:00,14.3,99.0,3.0
C0FA70,2025-05-07T11:00:00,14.3,99.0,1.0
C0FA70,2025-05-07T12:00:00,14.3,99.0,0.0
C0FA70,2025-05-07T13:00:00,14.4,99.0,0.0
C0FA70,2025-05-07T14:00:00,14.4,99.0,3.5
C0FA70,2025-05-07T15:00:00,14.2,99.0,5.5
C0FA70,2025-05-07T16:00:00,14.2,99.0,6.0
C0FA70,2025-05-07T17:00:00,14.4,99.0,3.0
C0FA70,2025-05-07T18:00:00,14.3,99.0,0.0
C0FA70,2025-05-07T19:00:00,13.8,99.0,0.0
C0FA70,2025-05-07T20:00:00,12.3,99.0,0.0
C0FA70,2025-05-07T21:00:00,12.1,99.0,0.0
C0FA70,2025-05-07T22:00:00,12.1,99.0,0.0
C0FA70,2025-05-07T23:00:00,11.9,98.0,0.0
C0FA70,2025-05-07T23:59:00,11.3,99.0,0.0
C0FA70,2025-05-08T01:00:00,11.1,98.0,0.0
C0FA70,2025-05-08T02:00:00,9.8,95.0,0.5
C0FA70,2025-05-08T03:00:00,12.0,98.0,0.0
C0FA70,2025-05-08T04:00:00,11.9,95.0,0.0
C0FA70,2025-05-08T05:00:00,10.5,92.0,0.0
C0FA70,2025-05-08T06:00:00,10.7,83.0,0.0
C0FA70,2025-05-08T07:00:00,11.7,81.0,0.0
C0FA70,2025-05-08T08:00:00,14.6,68.0,0.0
C0FA70,2025-05-08T09:00:00,16.4,66.0,0.0
C0FA70,2025-05-08T10:00:00,17.4,69.0,0.0
C0FA70,2025-05-08T11:00:00,18.4,71.0,0.0
C0FA70,2025-05-08T12:00:00,19.1,71.0,0.0
C0FA70,2025-05-08T13:00:00,17.3,84.0,0.0
C0FA70,2025-05-08T14:00:00,16.8,95.0,0.0
C0FA70,2025-05-08T15:00:00,16.7,90.0,0.0
C0FA70,2025-05-08T16:00:00,16.2,93.0,0.0
C0FA70,2025-05-08T17:00:00,15.7,96.0,0.0
C0FA70,2025-05-08T18:00:00,15.2,97.0,0.0
C0FA70,2025-05-08T19:00:00,15.3,98.0,0.0
C0FA70,2025-05-08T20:00:00,15.1,98.0,0.0
C0FA70,2025-05-08T21:00:00,14.5,98.0,0.0
C0FA70,2025-05-08T22:00:00,14.2,98.0,0.0
C0FA70,2025-05-08T23:00:00,14.0,97.0,0.0
C0FA70,2025-05-08T23:59:00,14.0,98.0,0.0
C0FA70,2025-05-09T01:00:00,14.1,98.0,0.0
C0FA70,2025-05-09T02:00:00,14.1,97.0,0.0
C0FA70,2025-05-09T03:00:00,12.2,97.0,0.0
C0FA70,2025-05-09T04:00:00,11.3,95.0,0.0
C0FA70,2025-05-09T05:00:00,11.8,93.0,0.0
C0FA70,2025-05-09T06:00:00,14.1,89.0,0.0
C0FA70,2025-05-09T07:00:00,14.9,90.0,0.0
C0FA70,2025-05-09T08:00:00,16.3,89.0,0.0
C0FA70,2025-05-09T09:00:00,16.9,87.0,0.0
C0FA70,2025-05-09T10:00:00,17.5,85.0,0.0
C0FA70,2025-05-09T11:00:00,19.1,80.0,0.0
C0FA70,2025-05-09T12:00:00,19.3,79.0,0.0
C0FA70,2025-05-09T13:00:00,16.3,92.0,0.0
C0FA70,2025-05-09T14:00:00,16.0,92.0,0.0
C0FA70,2025-05-09T15:00:00,15.4,97.0,4.0
C0FA70,2025-05-09T16:00:00,15.5,98.0,22.0
C0FA70,2025-05-09T17:00:00,15.1,99.0,27.0
C0FA70,2025-05-09T18:00:00,15.3,99.0,5.5
C0FA70,2025-05-09T19:00:00,15.0,99.0,2.0
C0FA70,2025-05-09T20:00:00,15.0,99.0,3.0
C0FA70,2025-05-09T21:00:00,15.1,99.0,0.5
C0FA70,2025-05-09T22:00:00,14.7,99.0,0.0
C0FA70,2025-05-09T23:00:00,14.7,99.0,0.0
C0FA70,2025-05-09T23:59:00,14.7,99.0,0.0
C0FA70,2025-05-10T01:00:00,14.8,99.0,0.5
C0FA70,2025-05-10T02:00:00,14.7,99.0,0.0
C0FA70,2025-05-10T03:00:00,14.8,99.0,0.0
C0FA70,2025-05-10T04:00:00,14.8,99.0,0.0
C0FA70,2025-05-10T05:00:00,14.7,99.0,0.0
C0FA70,2025-05-10T06:00:00,14.7,99.0,0.0
C0FA70,2025-05-10T07:00:00,14.5,99.0,0.0
C0FA70,2025-05-10T08:00:00,15.0,99.0,0.0
C0FA70,2025-05-10T09:00:00,15.3,99.0,0.0
C0FA70,2025-05-10T10:00:00,15.3,99.0,5.0
C0FA70,2025-05-10T11:00:00,14.7,99.0,31.5
C0FA70,2025-05-10T12:00:00,13.3,99.0,9.0
C0FA70,2025-05-10T13:00:00,13.3,99.0,13.5
C0FA70,2025-05-10T14:00:00,14.2,99.0,6.5
C0FA70,2025-05-10T15:00:00,14.4,99.0,1.5
C0FA70,2025-05-10T16:00:00,14.4,99.0,0.5
C0FA70,2025-05-10T17:00:00,14.1,99.0,0.0
C0FA70,2025-05-10T18:00:00,14.0,99.0,0.0
C0FA70,2025-05-10T19:00:00,13.4,99.0,0.0
C0FA70,2025-05-10T20:00:00,14.0,99.0,0.0
C0FA70,2025-05-10T21:00:00,13.8,99.0,4.0
C0FA70,2025-05-10T22:00:00,14.6,99.0,1.5
C0FA70,2025-05-10T23:00:00,14.9,99.0,1.5
C0FA70,2025-05-10T23:59:00,14.6,99.0,8.0
C0FA70,2025-05-11T01:00:00,13.7,99.0,25.5
C0FA70,2025-05-11T02:00:00,12.1,99.0,27.0
C0FA70,2025-05-11T03:00:00,14.1,99.0,4.0
C0FA70,2025-05-11T04:00:00,13.9,99.0,0.0
C0FA70,2025-05-11T05:00:00,13.9,99.0,0.0
C0FA70,2025-05-11T06:00:00,13.8,99.0,1.0
C0FA70,2025-05-11T07:00:00,14.1,99.0,0.0
C0FA70,2025-05-11T08:00:00,13.9,99.0,7.5
C0FA70,2025-05-11T09:00:00,14.0,99.0,4.0
C0FA70,2025-05-11T10:00:00,12.1,99.0,6.0
C0FA70,2025-05-11T11:00:00,11.8,99.0,12.5
C0FA70,2025-05-11T12:00:00,11.4,99.0,9.0
C0FA70,2025-05-11T13:00:00,11.4,99.0,11.0
C0FA70,2025-05-11T14:00:00,11.5,99.0,6.0
C0FA70,2025-05-11T15:00:00,11.4,99.0,8.5
C0FA70,2025-05-11T16:00:00,11.1,99.0,9.0
C0FA70,2025-05-11T17:00:00,11.5,99.0,5.5
C0FA70,2025-05-11T18:00:00,11.6,99.0,5.5
C0FA70,2025-05-11T19:00:00,11.6,99.0,5.0
C0FA70,2025-05-11T20:00:00,11.2,99.0,5.5
C0FA70,2025-05-11T21:00:00,11.3,99.0,5.0
C0FA70,2025-05-11T22:00:00,11.2,99.0,6.5
C0FA70,2025-05-11T23:00:00,11.3,99.0,2.5
C0FA70,2025-05-11T23:59:00,11.2,99.0,1.5
C0FA70,2025-05-12T01:00:00,11.2,99.0,0.0
C0FA70,2025-05-12T02:00:00,11.1,99.0,0.0
C0FA70,2025-05-12T03:00:00,11.2,99.0,1.0
C0FA70,2025-05-12T04:00:00,11.2,99.0,0.0
C0FA70,2025-05-12T05:00:00,11.2,99.0,0.0
C0FA70,2025-05-12T06:00:00,11.2,99.0,0.5
C0FA70,2025-05-12T07:00:00,11.5,99.0,2.0
C0FA70,2025-05-12T08:00:00,11.6,99.0,1.5
C0FA70,2025-05-12T09:00:00,11.4,99.0,0.0
C0FA70,2025-05-12T10:00:00,11.3,99.0,0.0
C0FA70,2025-05-12T11:00:00,11.4,99.0,0.0
C0FA70,2025-05-12T12:00:00,11.6,99.0,0.0
C0FA70,2025-05-12T13:00:00,11.5,99.0,0.0
C0FA70,2025-05-12T14:00:00,11.2,99.0,0.0
C0FA70,2025-05-12T15:00:00,11.2,99.0,0.0
C0FA70,2025-05-12T16:00:00,11.5,99.0,0.0
C0FA70,2025-05-12T17:00:00,,,0.0
C0FA70,2025-05-12T18:00:00,11.2,99.0,0.0
C0FA70,2025-05-12T19:00:00,11.1,99.0,0.0
C0FA70,2025-05-12T20:00:00,11.0,99.0,0.0
C0FA70,2025-05-12T21:00:00,10.7,99.0,0.0
C0FA70,2025-05-12T22:00:00,10.5,99.0,0.0
C0FA70,2025-05-12T23:00:00,10.4,99.0,0.0
C0FA70,2025-05-12T23:59:00,10.3,98.0,0.0
C0FA70,2025-05-13T01:00:00,9.9,98.0,0.0
C0FA70,2025-05-13T02:00:00,9.2,95.0,0.0
C0FA70,2025-05-13T03:00:00,8.9,97.0,0.0
C0FA70,2025-05-13T04:00:00,9.0,96.0,0.0
C0FA70,2025-05-13T05:00:00,8.8,97.0,0.0
C0FA70,2025-05-13T06:00:00,5.4,89.0,0.0
C0FA70,2025-05-13T07:00:00,9.0,83.0,0.0
C0FA70,2025-05-13T08:00:00,11.8,64.0,0.0
C0FA70,2025-05-13T09:00:00,16.3,64.0,0.0
C0FA70,2025-05-13T10:00:00,16.3,69.0,0.0
C0FA70,2025-05-13T11:00:00,17.1,79.0,0.0
C0FA70,2025-05-13T12:00:00,17.7,85.0,0.0
C0FA70,2025-05-13T13:00:00,17.8,85.0,0.0
C0FA70,2025-05-13T14:00:00,16.0,92.0,0.0
C0FA70,2025-05-13T15:00:00,15.1,91.0,0.0
C0FA70,2025-05-13T16:00:00,13.0,92.0,0.0
C0FA70,2025-05-13T17:00:00,15.3,93.0,0.0
C0FA70,2025-05-13T18:00:00,12.3,95.0,0.0
C0FA70,2025-05-13T19:00:00,10.5,92.0,0.0
C0FA70,2025-05-13T20:00:00,10.7,95.0,0.0
C0FA70,2025-05-13T21:00:00,10.0,96.0,0.0
C0FA70,2025-05-13T22:00:00,9.9,94.0,0.0
C0FA70,2025-05-13T23:00:00,10.4,89.0,0.0
C0FA70,2025-05-13T23:59:00,9.9,94.0,0.0
C0FA70,2025-05-14T01:00:00,9.7,95.0,0.0
C0FA70,2025-05-14T02:00:00,8.9,89.0,0.0
C0FA70,2025-05-14T03:00:00,9.1,92.0,0.0
C0FA70,2025-05-14T04:00:00,10.1,43.0,0.0
C0FA70,2025-05-14T05:00:00,10.1,56.0,0.0
C0FA70,2025-05-14T06:00:00,11.6,66.0,0.0
C0FA70,2025-05-14T07:00:00,15.0,52.0,0.0
C0FA70,2025-05-14T08:00:00,16.2,65.0,0.0
C0FA70,2025-05-14T09:00:00,17.2,54.0,0.0
C0FA70,2025-05-14T10:00:00,17.0,66.0,0.0
C0FA70,2025-05-14T11:00:00,18.1,65.0,0.0
C0FA70,2025-05-14T12:00:00,19.0,67.0,0.0
C0FA70,2025-05-14T13:00:00,19.3,69.0,0.0
C0FA70,2025-05-14T14:00:00,19.3,73.0,0.0
C0FA70,2025-05-14T15:00:00,19.3,70.0,0.0
C0FA70,2025-05-14T16:00:00,18.4,83.0,0.0
C0FA70,2025-05-14T17:00:00,17.3,84.0,0.0
C0FA70,2025-05-14T18:00:00,14.6,90.0,0.0
C0FA70,2025-05-14T19:00:00,11.3,94.0,0.0
C0FA70,2025-05-14T20:00:00,11.1,94.0,0.0
C0FA70,2025-05-14T21:00:00,10.1,92.0,0.0
C0FA70,2025-05-14T22:00:00,10.4,75.0,0.0
C0FA70,2025-05-14T23:00:00,9.9,87.0,0.0
C0FA70,2025-05-14T23:59:00,10.1,78.0,0.0
C0FA70,2025-05-15T01:00:00,11.7,69.0,0.0
C0FA70,2025-05-15T02:00:00,11.7,80.0,0.0
C0FA70,2025-05-15T03:00:00,12.3,91.0,0.0
C0FA70,2025-05-15T04:00:00,11.5,94.0,0.0
C0FA70,2025-05-15T05:00:00,12.0,87.0,0.0
C0FA70,2025-05-15T06:00:00,11.7,86.0,0.0
C0FA70,2025-05-15T07:00:00,16.5,67.0,0.0
C0FA70,2025-05-15T08:00:00,18.6,43.0,0.0
C0FA70,2025-05-15T09:00:00,19.1,54.0,0.0
C0FA70,2025-05-15T10:00:00,18.7,66.0,0.0
C0FA70,2025-05-15T11:00:00,19.2,71.0,0.0
C0FA70,2025-05-15T12:00:00,17.9,90.0,0.0
C0FA70,2025-05-15T13:00:00,17.5,92.0,0.0
C0FA70,2025-05-15T14:00:00,16.4,90.0,0.0
C0FA70,2025-05-15T15:00:00,16.1,91.0,0.0
C0FA70,2025-05-15T16:00:00,16.8,94.0,0.0
C0FA70,2025-05-15T17:00:00,17.5,93.0,0.0
C0FA70,2025-05-15T18:00:00,16.4,91.0,0.0
C0FA70,2025-05-15T19:00:00,15.4,91.0,0.0
C0FA70,2025-05-15T20:00:00,14.9,85.0,0.0
C0FA70,2025-05-15T21:00:00,14.1,89.0,0.0
C0FA70,2025-05-15T22:00:00,12.0,80.0,0.0
C0FA70,2025-05-15T23:00:00,12.9,88.0,0.0
C0FA70,2025-05-15T23:59:00,11.7,90.0,0.0
C0FA70,2025-05-16T01:00:00,11.9,93.0,0.0
C0FA70,2025-05-16T02:00:00,12.4,92.0,0.0
C0FA70,2025-05-16T03:00:00,11.9,94.0,0.0
C0FA70,2025-05-16T04:00:00,11.3,91.0,0.0
C0FA70,2025-05-16T05:00:00,12.2,90.0,0.0
C0FA70,2025-05-16T06:00:00,13.6,91.0,0.0
C0FA70,2025-05-16T07:00:00,15.6,92.0,0.0
C0FA70,2025-05-16T08:00:00,16.4,85.0,0.0
C0FA70,2025-05-16T09:00:00,16.5,83.0,0.0
C0FA70,2025-05-16T10:00:00,18.0,79.0,0.0
C0FA70,2025-05-16T11:00:00,19.2,78.0,0.0
C0FA70,2025-05-16T12:00:00,19.0,82.0,0.0
C0FA70,2025-05-16T13:00:00,19.7,76.0,0.0
C0FA70,2025-05-16T14:00:00,17.1,95.0,0.0
C0FA70,2025-05-16T15:00:00,17.6,92.0,0.0
C0FA70,2025-05-16T16:00:00,18.2,86.0,0.0
C0FA70,2025-05-16T17:00:00,16.0,91.0,0.0
C0FA70,2025-05-16T18:00:00,15.8,93.0,0.0
C0FA70,2025-05-16T19:00:00,15.0,96.0,0.0
C0FA70,2025-05-16T20:00:00,14.8,96.0,0.0
C0FA70,2025-05-16T21:00:00,14.5,95.0,0.0
C0FA70,2025-05-16T22:00:00,14.0,93.0,0.0
C0FA70,2025-05-16T23:00:00,14.2,95.0,0.0
C0FA70,2025-05-16T23:59:00,14.5,87.0,0.0
C0FA70,2025-05-17T01:00:00,14.3,89.0,0.0
C0FA70,2025-05-17T02:00:00,14.2,86.0,0.0
C0FA70,2025-05-17T03:00:00,14.0,88.0,0.0
C0FA70,2025-05-17T04:00:00,14.2,88.0,0.0
C0FA70,2025-05-17T05:00:00,13.7,88.0,0.0
C0FA70,2025-05-17T06:00:00,14.4,89.0,0.0
C0FA70,2025-05-17T07:00:00,17.1,74.0,0.0
C0FA70,2025-05-17T08:00:00,16.6,75.0,0.0
C0FA70,2025-05-17T09:00:00,18.6,66.0,0.0
C0FA70,2025-05-17T10:00:00,19.1,70.0,0.0
C0FA70,2025-05-17T11:00:00,19.2,72.0,0.0
C0FA70,2025-05-17T12:00:00,19.6,71.0,0.0
C0FA70,2025-05-17T13:00:00,20.4,75.0,0.0
C0FA70,2025-05-17T14:00:00,19.8,77.0,0.0
C0FA70,2025-05-17T15:00:00,18.2,89.0,0.0
C0FA70,2025-05-17T16:00:00,18.8,87.0,0.0
C0FA70,2025-05-17T17:00:00,18.1,92.0,0.0
C0FA70,2025-05-17T18:00:00,17.0,91.0,0.0
C0FA70,2025-05-17T19:00:00,16.0,93.0,0.0
C0FA70,2025-05-17T20:00:00,15.3,90.0,0.0
C0FA70,2025-05-17T21:00:00,15.1,91.0,0.0
C0FA70,2025-05-17T22:00:00,14.7,93.0,0.0
C0FA70,2025-05-17T23:00:00,15.0,93.0,0.0
C0FA70,2025-05-17T23:59:00,14.7,92.0,0.0
C0FA70,2025-05-18T01:00:00,14.5,93.0,0.0
C0FA70,2025-05-18T02:00:00,14.1,92.0,0.0
C0FA70,2025-05-18T03:00:00,13.9,94.0,0.0
C0FA70,2025-05-18T04:00:00,13.9,95.0,0.0
C0FA70,2025-05-18T05:00:00,14.0,95.0,0.0
C0FA70,2025-05-18T06:00:00,14.1,90.0,0.0
C0FA70,2025-05-18T07:00:00,15.8,88.0,0.0
C0FA70,2025-05-18T08:00:00,15.8,87.0,0.0
C0FA70,2025-05-18T09:00:00,17.1,83.0,0.0
C0FA70,2025-05-18T10:00:00,18.4,78.0,0.0
C0FA70,2025-05-18T11:00:00,19.4,71.0,0.0
C0FA70,2025-05-18T12:00:00,19.4,74.0,0.0
C0FA70,2025-05-18T13:00:00,19.0,81.0,0.0
C0FA70,2025-05-18T14:00:00,17.6,90.0,0.0
C0FA70,2025-05-18T15:00:00,16.3,92.0,0.0
C0FA70,2025-05-18T16:00:00,19.1,87.0,0.0
C0FA70,2025-05-18T17:00:00,16.7,92.0,0.0
C0FA70,2025-05-18T18:00:00,15.4,90.0,0.0
C0FA70,2025-05-18T19:00:00,14.7,93.0,0.0
C0FA70,2025-05-18T20:00:00,15.0,93.0,0.0
C0FA70,2025-05-18T21:00:00,14.5,95.0,0.0
C0FA70,2025-05-18T22:00:00,14.5,95.0,0.0
C0FA70,2025-05-18T23:00:00,14.6,96.0,0.0
C0FA70,2025-05-18T23:59:00,12.1,95.0,0.0
C0FA70,2025-05-19T01:00:00,12.1,96.0,0.0
C0FA70,2025-05-19T02:00:00,11.8,94.0,0.0
C0FA70,2025-05-19T03:00:00,11.1,92.0,0.0
C0FA70,2025-05-19T04:00:00,11.4,93.0,0.0
C0FA70,2025-05-19T05:00:00,12.8,78.0,0.0
C0FA70,2025-05-19T06:00:00,13.7,74.0,0.0
C0FA70,2025-05-19T07:00:00,14.9,68.0,0.0
C0FA70,2025-05-19T08:00:00,15.5,68.0,0.0
C0FA70,2025-05-19T09:00:00,17.6,70.0,0.0
C0FA70,2025-05-19T10:00:00,19.0,66.0,0.0
C0FA70,2025-05-19T11:00:00,19.3,58.0,0.0
C0FA70,2025-05-19T12:00:00,20.0,59.0,0.0
C0FA70,2025-05-19T13:00:00,20.6,65.0,0.0
C0FA70,2025-05-19T14:00:00,20.9,60.0,0.0
C0FA70,2025-05-19T15:00:00,20.5,60.0,0.0
C0FA70,2025-05-19T16:00:00,20.1,66.0,0.0
C0FA70,2025-05-19T17:00:00,17.5,90.0,0.0
C0FA70,2025-05-19T18:00:00,15.8,91.0,0.0
C0FA70,2025-05-19T19:00:00,14.7,92.0,0.0
C0FA70,2025-05-19T20:00:00,15.1,94.0,0.0
C0FA70,2025-05-19T21:00:00,15.0,95.0,0.0
C0FA70,2025-05-19T22:00:00,14.5,94.0,0.0
C0FA70,2025-05-19T23:00:00,14.5,94.0,0.0
C0FA70,2025-05-19T23:59:00,14.3,91.0,0.0
C0FA70,2025-05-20T01:00:00,14.1,91.0,0.0
C0FA70,2025-05-20T02:00:00,14.4,91.0,0.0
C0FA70,2025-05-20T03:00:00,14.2,86.0,0.0
C0FA70,2025-05-20T04:00:00,14.0,86.0,0.0
C0FA70,2025-05-20T05:00:00,13.0,82.0,0.0
C0FA70,2025-05-20T06:00:00,12.2,86.0,0.0
C0FA70,2025-05-20T07:00:00,15.3,74.0,0.0
C0FA70,2025-05-20T08:00:00,15.6,71.0,0.0
C0FA70,2025-05-20T09:00:00,16.4,70.0,0.0
C0FA70,2025-05-20T10:00:00,18.3,62.0,0.0
C0FA70,2025-05-20T11:00:00,18.9,66.0,0.0
C0FA70,2025-05-20T12:00:00,20.3,57.0,0.0
C0FA70,2025-05-20T13:00:00,20.7,61.0,0.0
C0FA70,2025-05-20T14:00:00,19.1,80.0,0.0
C0FA70,2025-05-20T15:00:00,19.1,82.0,0.0
C0FA70,2025-05-20T16:00:00,17.3,94.0,0.0
C0FA70,2025-05-20T17:00:00,17.4,92.0,0.0
C0FA70,2025-05-20T18:00:00,16.5,94.0,0.0
C0FA70,2025-05-20T19:00:00,15.6,93.0,0.0
C0FA70,2025-05-20T20:00:00,16.0,94.0,0.0
C0FA70,2025-05-20T21:00:00,15.9,95.0,0.0
C0FA70,2025-05-20T22:00:00,15.3,94.0,0.0
C0FA70,2025-05-20T23:00:00,14.5,94.0,0.0
C0FA70,2025-05-20T23:59:00,14.7,93.0,0.0
C0FA70,2025-05-21T01:00:00,14.2,93.0,0.0
C0FA70,2025-05-21T02:00:00,13.9,91.0,0.0
C0FA70,2025-05-21T03:00:00,13.9,91.0,0.0
C0FA70,2025-05-21T04:00:00,13.9,95.0,0.0
C0FA70,2025-05-21T05:00:00,12.0,90.0,0.0
C0FA70,2025-05-21T06:00:00,14.3,95.0,0.0
C0FA70,2025-05-21T07:00:00,14.5,90.0,0.0
C0FA70,2025-05-21T08:00:00,15.7,90.0,0.0
C0FA70,2025-05-21T09:00:00,17.1,81.0,0.0
C0FA70,2025-05-21T10:00:00,18.2,73.0,0.0
C0FA70,2025-05-21T11:00:00,17.6,75.0,0.0
C0FA70,2025-05-21T12:00:00,18.8,67.0,0.0
C0FA70,2025-05-21T13:00:00,17.4,75.0,0.0
C0FA70,2025-05-21T14:00:00,18.7,67.0,0.0
C0FA70,2025-05-21T15:00:00,19.1,70.0,0.0
C0FA70,2025-05-21T16:00:00,18.7,73.0,0.0
C0FA70,2025-05-21T17:00:00,17.7,82.0,0.0
C0FA70,2025-05-21T18:00:00,16.8,80.0,0.0
C0FA70,2025-05-21T19:00:00,15.9,74.0,0.0
C0FA70,2025-05-21T20:00:00,15.9,84.0,0.0
C0FA70,2025-05-21T21:00:00,15.3,76.0,0.0
C0FA70,2025-05-21T22:00:00,15.2,75.0,0.0
C0FA70,2025-05-21T23:00:00,15.4,63.0,0.0
C0FA70,2025-05-21T23:59:00,14.8,64.0,0.0
C0FA70,2025-05-22T01:00:00,15.3,72.0,0.0
C0FA70,2025-05-22T02:00:00,14.4,49.0,0.0
C0FA70,2025-05-22T03:00:00,15.0,43.0,0.0
C0FA70,2025-05-22T04:00:00,14.7,46.0,0.0
C0FA70,2025-05-22T05:00:00,15.7,42.0,0.0
C0FA70,2025-05-22T06:00:00,15.6,52.0,0.0
C0FA70,2025-05-22T07:00:00,17.4,42.0,0.0
C0FA70,2025-05-22T08:00:00,19.1,47.0,0.0
C0FA70,2025-05-22T09:00:00,19.1,50.0,0.0
C0FA70,2025-05-22T10:00:00,19.1,64.0,0.0
C0FA70,2025-05-22T11:00:00,19.4,70.0,0.0
C0FA70,2025-05-22T12:00:00,19.3,83.0,0.0
C0FA70,2025-05-22T13:00:00,19.8,72.0,0.0
C0FA70,2025-05-22T14:00:00,18.9,80.0,0.0
C0FA70,2025-05-22T15:00:00,18.5,89.0,0.0
C0FA70,2025-05-22T16:00:00,19.1,73.0,0.0
C0FA70,2025-05-22T17:00:00,17.8,89.0,0.0
C0FA70,2025-05-22T18:00:00,15.9,83.0,0.0
C0FA70,2025-05-22T19:00:00,15.2,77.0,0.0
C0FA70,2025-05-22T20:00:00,15.2,90.0,0.0
C0FA70,2025-05-22T21:00:00,15.5,69.0,0.0
C0FA70,2025-05-22T22:00:00,15.0,80.0,0.0
C0FA70,2025-05-22T23:00:00,14.6,79.0,0.0
C0FA70,2025-05-22T23:59:00,14.6,81.0,0.0
C0FA70,2025-05-23T01:00:00,13.9,85.0,0.0
C0FA70,2025-05-23T02:00:00,14.5,80.0,0.0
C0FA70,2025-05-23T03:00:00,15.4,76.0,0.0
C0FA70,2025-05-23T04:00:00,15.1,78.0,0.0
C0FA70,2025-05-23T05:00:00,14.7,80.0,0.0
C0FA70,2025-05-23T06:00:00,14.9,81.0,0.0
C0FA70,2025-05-23T07:00:00,16.5,80.0,0.0
C0FA70,2025-05-23T08:00:00,16.2,80.0,0.0
C0FA70,2025-05-23T09:00:00,17.1,75.0,0.0
C0FA70,2025-05-23T10:00:00,18.9,67.0,0.0
C0FA70,2025-05-23T11:00:00,20.3,69.0,0.0
C0FA70,2025-05-23T12:00:00,18.6,86.0,0.0
C0FA70,2025-05-23T13:00:00,16.4,95.0,0.0
C0FA70,2025-05-23T14:00:00,17.0,93.0,0.0
C0FA70,2025-05-23T15:00:00,19.8,72.0,0.0
C0FA70,2025-05-23T16:00:00,18.2,80.0,0.0
C0FA70,2025-05-23T17:00:00,15.7,92.0,0.0
C0FA70,2025-05-23T18:00:00,15.3,82.0,0.0
C0FA70,2025-05-23T19:00:00,14.5,87.0,0.0
C0FA70,2025-05-23T20:00:00,14.1,78.0,0.0
C0FA70,2025-05-23T21:00:00,14.1,70.0,0.0
C0FA70,2025-05-23T22:00:00,14.4,76.0,0.0
C0FA70,2025-05-23T23:00:00,14.1,87.0,0.0
C0FA70,2025-05-23T23:59:00,13.9,93.0,0.0
C0FA70,2025-05-24T01:00:00,12.2,91.0,0.0
C0FA70,2025-05-24T02:00:00,13.8,91.0,0.0
C0FA70,2025-05-24T03:00:00,12.2,90.0,0.0
C0FA70,2025-05-24T04:00:00,14.2,95.0,0.0
C0FA70,2025-05-24T05:00:00,14.2,90.0,0.0
C0FA70,2025-05-24T06:00:00,14.4,91.0,0.0
C0FA70,2025-05-24T07:00:00,14.8,91.0,0.0
C0FA70,2025-05-24T08:00:00,14.9,92.0,0.0
C0FA70,2025-05-24T09:00:00,15.5,93.0,0.0
C0FA70,2025-05-24T10:00:00,15.4,91.0,0.0
C0FA70,2025-05-24T11:00:00,14.7,93.0,0.0
C0FA70,2025-05-24T12:00:00,14.3,96.0,4.5
C0FA70,2025-05-24T13:00:00,14.3,97.0,16.5
C0FA70,2025-05-24T14:00:00,14.7,98.0,10.5
C0FA70,2025-05-24T15:00:00,15.0,98.0,0.0
C0FA70,2025-05-24T16:00:00,14.8,98.0,0.0
C0FA70,2025-05-24T17:00:00,15.1,98.0,0.0
C0FA70,2025-05-24T18:00:00,15.0,98.0,0.0
C0FA70,2025-05-24T19:00:00,14.9,98.0,0.0
C0FA70,2025-05-24T20:00:00,15.0,98.0,0.0
C0FA70,2025-05-24T21:00:00,14.9,98.0,0.0
C0FA70,2025-05-24T22:00:00,15.1,98.0,0.0
C0FA70,2025-05-24T23:00:00,15.1,98.0,0.5
C0FA70,2025-05-24T23:59:00,15.1,98.0,1.0
C0FA70,2025-05-25T01:00:00,15.1,98.0,0.5
C0FA70,2025-05-25T02:00:00,15.2,98.0,0.0
C0FA70,2025-05-25T03:00:00,15.2,98.0,0.0
C0FA70,2025-05-25T04:00:00,14.9,98.0,3.5
C0FA70,2025-05-25T05:00:00,15.1,98.0,1.0
C0FA70,2025-05-25T06:00:00,15.1,98.0,3.5
C0FA70,2025-05-25T07:00:00,14.9,99.0,1.0
C0FA70,2025-05-25T08:00:00,14.9,99.0,1.0
C0FA70,2025-05-25T09:00:00,14.9,99.0,3.0
C0FA70,2025-05-25T10:00:00,15.4,99.0,6.5
C0FA70,2025-05-25T11:00:00,15.6,99.0,8.5
C0FA70,2025-05-25T12:00:00,15.2,99.0,7.0
C0FA70,2025-05-25T13:00:00,15.2,99.0,4.0
C0FA70,2025-05-25T14:00:00,15.0,99.0,1.5
C0FA70,2025-05-25T15:00:00,15.0,99.0,4.5
C0FA70,2025-05-25T16:00:00,15.0,99.0,3.0
C0FA70,2025-05-25T17:00:00,14.6,99.0,2.5
C0FA70,2025-05-25T18:00:00,14.5,99.0,1.0
C0FA70,2025-05-25T19:00:00,14.4,99.0,1.0
C0FA70,2025-05-25T20:00:00,14.6,99.0,0.0
C0FA70,2025-05-25T21:00:00,14.5,99.0,0.0
C0FA70,2025-05-25T22:00:00,14.7,99.0,0.5
C0FA70,2025-05-25T23:00:00,14.6,99.0,0.5
C0FA70,2025-05-25T23:59:00,14.4,99.0,0.0
C0FA70,2025-05-26T01:00:00,14.3,99.0,0.0
C0FA70,2025-05-26T02:00:00,14.1,99.0,0.0
C0FA70,2025-05-26T03:00:00,14.0,99.0,0.0
C0FA70,2025-05-26T04:00:00,13.2,99.0,0.0
C0FA70,2025-05-26T05:00:00,12.1,99.0,0.0
C0FA70,2025-05-26T06:00:00,12.2,99.0,0.0
C0FA70,2025-05-26T07:00:00,12.1,99.0,1.0
C0FA70,2025-05-26T08:00:00,12.2,99.0,6.0
C0FA70,2025-05-26T09:00:00,14.1,99.0,5.0
C0FA70,2025-05-26T10:00:00,14.4,99.0,7.5
C0FA70,2025-05-26T11:00:00,13.8,99.0,6.0
C0FA70,2025-05-26T12:00:00,12.2,99.0,2.0
C0FA70,2025-05-26T13:00:00,12.1,99.0,0.5
C0FA70,2025-05-26T14:00:00,12.3,99.0,0.0
C0FA70,2025-05-26T15:00:00,12.2,99.0,0.0
C0FA70,2025-05-26T16:00:00,12.3,99.0,0.5
C0FA70,2025-05-26T17:00:00,12.1,99.0,0.0
C0FA70,2025-05-26T18:00:00,11.9,99.0,1.0
C0FA70,2025-05-26T19:00:00,11.7,99.0,1.0
C0FA70,2025-05-26T20:00:00,12.1,99.0,0.0
C0FA70,2025-05-26T21:00:00,12.2,99.0,0.0
C0FA70,2025-05-26T22:00:00,12.1,99.0,0.0
C0FA70,2025-05-26T23:00:00,12.0,99.0,0.0
C0FA70,2025-05-26T23:59:00,11.9,99.0,0.0
C0FA70,2025-05-27T01:00:00,11.8,99.0,0.0
C0FA70,2025-05-27T02:00:00,11.5,99.0,0.0
C0FA70,2025-05-27T03:00:00,11.5,99.0,0.0
C0FA70,2025-05-27T04:00:00,11.3,99.0,0.0
C0FA70,2025-05-27T05:00:00,10.8,98.0,0.0
C0FA70,2025-05-27T06:00:00,10.8,98.0,0.0
C0FA70,2025-05-27T07:00:00,11.5,98.0,0.0
C0FA70,2025-05-27T08:00:00,11.7,95.0,0.0
C0FA70,2025-05-27T09:00:00,14.5,91.0,0.0
C0FA70,2025-05-27T10:00:00,15.5,91.0,0.0
C0FA70,2025-05-27T11:00:00,16.2,91.0,0.0
C0FA70,2025-05-27T12:00:00,15.7,95.0,0.0
C0FA70,2025-05-27T13:00:00,15.2,96.0,0.0
C0FA70,2025-05-27T14:00:00,15.1,97.0,0.0
C0FA70,2025-05-27T15:00:00,15.5,97.0,0.0
C0FA70,2025-05-27T16:00:00,14.7,97.0,0.0
C0FA70,2025-05-27T17:00:00,14.6,98.0,0.0
C0FA70,2025-05-27T18:00:00,14.0,99.0,0.0
C0FA70,2025-05-27T19:00:00,11.8,99.0,0.0
C0FA70,2025-05-27T20:00:00,13.9,98.0,0.0
C0FA70,2025-05-27T21:00:00,13.8,98.0,0.0
C0FA70,2025-05-27T22:00:00,13.9,99.0,0.0
C0FA70,2025-05-27T23:00:00,13.9,98.0,0.0
C0FA70,2025-05-27T23:59:00,11.9,99.0,0.0
C0FA70,2025-05-28T01:00:00,12.2,99.0,0.0
C0FA70,2025-05-28T02:00:00,11.4,98.0,0.5
C0FA70,2025-05-28T03:00:00,11.6,97.0,0.0
C0FA70,2025-05-28T04:00:00,11.7,98.0,0.0
C0FA70,2025-05-28T05:00:00,10.7,96.0,0.0
C0FA70,2025-05-28T06:00:00,12.1,96.0,0.0
C0FA70,2025-05-28T07:00:00,13.9,91.0,0.0
C0FA70,2025-05-28T08:00:00,15.1,91.0,0.0
C0FA70,2025-05-28T09:00:00,16.0,94.0,0.0
C0FA70,2025-05-28T10:00:00,15.2,92.0,0.0
C0FA70,2025-05-28T11:00:00,14.9,90.0,0.0
C0FA70,2025-05-28T12:00:00,14.2,91.0,0.0
C0FA70,2025-05-28T13:00:00,13.9,95.0,0.0
C0FA70,2025-05-28T14:00:00,14.1,98.0,6.5
C0FA70,2025-05-28T15:00:00,14.5,99.0,0.5
C0FA70,2025-05-28T16:00:00,14.1,99.0,0.0
C0FA70,2025-05-28T17:00:00,14.2,99.0,0.0
C0FA70,2025-05-28T18:00:00,14.2,99.0,0.5
C0FA70,2025-05-28T19:00:00,14.0,99.0,0.0
C0FA70,2025-05-28T20:00:00,14.6,99.0,0.0
C0FA70,2025-05-28T21:00:00,14.7,99.0,0.5
C0FA70,2025-05-28T22:00:00,14.8,99.0,0.0
C0FA70,2025-05-28T23:00:00,14.8,99.0,1.0
C0FA70,2025-05-28T23:59:00,14.5,99.0,3.5
C0FA70,2025-05-29T01:00:00,14.4,99.0,3.5
C0FA70,2025-05-29T02:00:00,14.4,99.0,10.0
C0FA70,2025-05-29T03:00:00,14.0,99.0,15.0
C0FA70,2025-05-29T04:00:00,12.0,99.0,13.0
C0FA70,2025-05-29T05:00:00,12.1,99.0,6.5
C0FA70,2025-05-29T06:00:00,14.1,99.0,13.5
C0FA70,2025-05-29T07:00:00,14.0,99.0,6.0
C0FA70,2025-05-29T08:00:00,14.1,99.0,1.0
C0FA70,2025-05-29T09:00:00,12.2,99.0,1.0
C0FA70,2025-05-29T10:00:00,14.7,99.0,2.0
C0FA70,2025-05-29T11:00:00,14.4,99.0,5.5
C0FA70,2025-05-29T12:00:00,13.1,99.0,15.5
C0FA70,2025-05-29T13:00:00,13.8,99.0,5.0
C0FA70,2025-05-29T14:00:00,13.9,99.0,4.0
C0FA70,2025-05-29T15:00:00,14.0,99.0,14.5
C0FA70,2025-05-29T16:00:00,14.3,99.0,4.0
C0FA70,2025-05-29T17:00:00,13.4,99.0,2.5
C0FA70,2025-05-29T18:00:00,14.1,99.0,2.5
C0FA70,2025-05-29T19:00:00,11.4,98.0,0.5
C0FA70,2025-05-29T20:00:00,10.9,98.0,1.0
C0FA70,2025-05-29T21:00:00,10.8,97.0,0.0
C0FA70,2025-05-29T22:00:00,11.1,98.0,0.0
C0FA70,2025-05-29T23:00:00,11.2,98.0,0.0
C0FA70,2025-05-29T23:59:00,10.9,97.0,0.0
C0FA70,2025-05-30T01:00:00,11.6,97.0,0.0
C0FA70,2025-05-30T02:00:00,11.5,98.0,0.0
C0FA70,2025-05-30T03:00:00,11.7,98.0,0.0
C0FA70,2025-05-30T04:00:00,11.4,99.0,0.0
C0FA70,2025-05-30T05:00:00,11.6,98.0,0.0
C0FA70,2025-05-30T06:00:00,11.6,99.0,0.0
C0FA70,2025-05-30T07:00:00,11.9,98.0,0.0
C0FA70,2025-05-30T08:00:00,14.0,97.0,0.0
C0FA70,2025-05-30T09:00:00,12.2,99.0,0.0
C0FA70,2025-05-30T10:00:00,14.7,97.0,0.0
C0FA70,2025-05-30T11:00:00,14.5,96.0,0.0
C0FA70,2025-05-30T12:00:00,14.4,97.0,0.5
C0FA70,2025-05-30T13:00:00,14.7,97.0,0.0
C0FA70,2025-05-30T14:00:00,15.7,96.0,0.5
C0FA70,2025-05-30T15:00:00,15.7,96.0,0.0
C0FA70,2025-05-30T16:00:00,14.9,95.0,0.0
C0FA70,2025-05-30T17:00:00,15.4,95.0,0.0
C0FA70,2025-05-30T18:00:00,14.4,98.0,0.0
C0FA70,2025-05-30T19:00:00,12.2,98.0,0.0
C0FA70,2025-05-30T20:00:00,12.6,98.0,0.0
C0FA70,2025-05-30T21:00:00,11.8,97.0,0.0
C0FA70,2025-05-30T22:00:00,12.2,97.0,0.0
C0FA70,2025-05-30T23:00:00,12.1,98.0,0.0
C0FA70,2025-05-30T23:59:00,13.1,97.0,0.0
C0FA70,2025-05-31T01:00:00,11.8,98.0,0.0
C0FA70,2025-05-31T02:00:00,12.0,99.0,0.0
C0FA70,2025-05-31T03:00:00,11.7,99.0,0.0
C0FA70,2025-05-31T04:00:00,11.7,97.0,0.0
C0FA70,2025-05-31T05:00:00,11.6,98.0,0.0
C0FA70,2025-05-31T06:00:00,11.9,97.0,0.0
C0FA70,2025-05-31T07:00:00,14.8,92.0,0.0
C0FA70,2025-05-31T08:00:00,15.2,96.0,0.0
C0FA70,2025-05-31T09:00:00,15.5,93.0,0.0
C0FA70,2025-05-31T10:00:00,15.5,94.0,0.0
C0FA70,2025-05-31T11:00:00,17.3,92.0,0.0
C0FA70,2025-05-31T12:00:00,17.0,93.0,0.0
C0FA70,2025-05-31T13:00:00,16.2,97.0,0.0
C0FA70,2025-05-31T14:00:00,16.8,96.0,0.0
C0FA70,2025-05-31T15:00:00,15.8,97.0,0.0
C0FA70,2025-05-31T16:00:00,16.2,97.0,0.0
C0FA70,2025-05-31T17:00:00,16.0,97.0,0.0
C0FA70,2025-05-31T18:00:00,15.3,95.0,0.0
C0FA70,2025-05-31T19:00:00,15.3,95.0,0.0
C0FA70,2025-05-31T20:00:00,15.2,96.0,0.0
C0FA70,2025-05-31T21:00:00,15.0,95.0,0.0
C0FA70,2025-05-31T22:00:00,15.0,95.0,0.0
C0FA70,2025-05-31T23:00:00,15.0,95.0,0.0
C0FA70,2025-05-31T23:59:00,15.6,91.0,0.0
C0FA70,2025-06-01T01:00:00,15.1,96.0,0.0
C0FA70,2025-06-01T02:00:00,15.3,98.0,0.0
C0FA70,2025-06-01T03:00:00,15.5,98.0,0.0
C0FA70,2025-06-01T04:00:00,15.4,95.0,0.0
C0FA70,2025-06-01T05:00:00,15.6,94.0,0.0
C0FA70,2025-06-01T06:00:00,16.0,96.0,0.0
C0FA70,2025-06-01T07:00:00,16.2,96.0,0.0
C0FA70,2025-06-01T08:00:00,16.9,94.0,0.0
C0FA70,2025-06-01T09:00:00,17.3,95.0,0.0
C0FA70,2025-06-01T10:00:00,17.7,94.0,0.0
C0FA70,2025-06-01T11:00:00,19.0,92.0,0.0
C0FA70,2025-06-01T12:00:00,18.4,90.0,0.0
C0FA70,2025-06-01T13:00:00,18.4,91.0,0.0
C0FA70,2025-06-01T14:00:00,19.3,92.0,0.0
C0FA70,2025-06-01T15:00:00,19.0,94.0,0.0
C0FA70,2025-06-01T16:00:00,17.6,95.0,0.0
C0FA70,2025-06-01T17:00:00,17.5,97.0,0.0
C0FA70,2025-06-01T18:00:00,17.0,97.0,0.0
C0FA70,2025-06-01T19:00:00,17.0,98.0,0.0
C0FA70,2025-06-01T20:00:00,17.1,98.0,0.0
C0FA70,2025-06-01T21:00:00,16.5,98.0,0.0
C0FA70,2025-06-01T22:00:00,16.9,99.0,0.0
C0FA70,2025-06-01T23:00:00,16.9,98.0,0.0
C0FA70,2025-06-01T23:59:00,17.1,98.0,0.0
C0FA70,2025-06-02T01:00:00,17.1,98.0,0.0
C0FA70,2025-06-02T02:00:00,17.0,99.0,0.0
C0FA70,2025-06-02T03:00:00,17.1,99.0,2.5
C0FA70,2025-06-02T04:00:00,17.1,99.0,0.5
C0FA70,2025-06-02T05:00:00,17.2,99.0,5.0
C0FA70,2025-06-02T06:00:00,17.1,99.0,4.0
C0FA70,2025-06-02T07:00:00,17.2,99.0,3.0
C0FA70,2025-06-02T08:00:00,17.3,99.0,4.0
C0FA70,2025-06-02T09:00:00,17.3,98.0,0.5
C0FA70,2025-06-02T10:00:00,16.7,98.0,0.0
C0FA70,2025-06-02T11:00:00,16.5,98.0,0.5
C0FA70,2025-06-02T12:00:00,16.7,98.0,0.0
C0FA70,2025-06-02T13:00:00,17.0,99.0,0.0
C0FA70,2025-06-02T14:00:00,17.3,98.0,0.0
C0FA70,2025-06-02T15:00:00,17.4,99.0,0.0
C0FA70,2025-06-02T16:00:00,17.5,98.0,0.0
C0FA70,2025-06-02T17:00:00,16.8,98.0,0.0
C0FA70,2025-06-02T18:00:00,16.9,98.0,0.0
C0FA70,2025-06-02T19:00:00,16.6,99.0,0.0
C0FA70,2025-06-02T20:00:00,16.2,99.0,0.0
C0FA70,2025-06-02T21:00:00,15.9,98.0,0.0
C0FA70,2025-06-02T22:00:00,16.1,97.0,0.0
C0FA70,2025-06-02T23:00:00,16.0,98.0,0.0
C0FA70,2025-06-02T23:59:00,16.4,99.0,0.0
C0FA70,2025-06-03T01:00:00,16.4,99.0,0.0
C0FA70,2025-06-03T02:00:00,16.4,99.0,0.5
C0FA70,2025-06-03T03:00:00,16.7,98.0,0.5
C0FA70,2025-06-03T04:00:00,16.5,98.0,1.0
C0FA70,2025-06-03T05:00:00,16.2,98.0,0.0
C0FA70,2025-06-03T06:00:00,16.3,98.0,1.0
C0FA70,2025-06-03T07:00:00,16.0,98.0,0.5
C0FA70,2025-06-03T08:00:00,16.4,98.0,0.0
C0FA70,2025-06-03T09:00:00,16.5,99.0,5.0
C0FA70,2025-06-03T10:00:00,16.1,99.0,0.0
C0FA70,2025-06-03T11:00:00,16.5,99.0,8.0
C0FA70,2025-06-03T12:00:00,16.8,99.0,8.5
C0FA70,2025-06-03T13:00:00,16.5,99.0,0.0
C0FA70,2025-06-03T14:00:00,16.3,99.0,0.0
C0FA70,2025-06-03T15:00:00,16.2,99.0,1.0
C0FA70,2025-06-03T16:00:00,16.3,99.0,1.0
C0FA70,2025-06-03T17:00:00,16.5,99.0,3.0
C0FA70,2025-06-03T18:00:00,16.6,98.0,0.0
C0FA70,2025-06-03T19:00:00,16.3,98.0,0.0
C0FA70,2025-06-03T20:00:00,16.2,96.0,0.0
C0FA70,2025-06-03T21:00:00,16.1,97.0,0.0
C0FA70,2025-06-03T22:00:00,16.1,97.0,0.5
C0FA70,2025-06-03T23:00:00,16.1,96.0,0.0
C0FA70,2025-06-03T23:59:00,16.6,97.0,0.0
C0FA70,2025-06-04T01:00:00,16.5,98.0,0.0
C0FA70,2025-06-04T02:00:00,16.3,98.0,3.5
C0FA70,2025-06-04T03:00:00,16.1,99.0,0.0
C0FA70,2025-06-04T04:00:00,16.2,99.0,0.0
C0FA70,2025-06-04T05:00:00,16.6,99.0,2.5
C0FA70,2025-06-04T06:00:00,16.8,98.0,1.0
C0FA70,2025-06-04T07:00:00,16.9,98.0,0.0
C0FA70,2025-06-04T08:00:00,16.6,98.0,0.0
C0FA70,2025-06-04T09:00:00,17.0,99.0,0.0
C0FA70,2025-06-04T10:00:00,17.6,98.0,0.0
C0FA70,2025-06-04T11:00:00,18.2,98.0,0.5
C0FA70,2025-06-04T12:00:00,18.2,98.0,0.0
C0FA70,2025-06-04T13:00:00,17.8,99.0,3.0
C0FA70,2025-06-04T14:00:00,18.2,99.0,6.0
C0FA70,2025-06-04T15:00:00,18.1,99.0,5.5
C0FA70,2025-06-04T16:00:00,17.8,99.0,4.5
C0FA70,2025-06-04T17:00:00,17.2,99.0,3.0
C0FA70,2025-06-04T18:00:00,17.5,99.0,1.0
C0FA70,2025-06-04T19:00:00,17.3,98.0,14.0
C0FA70,2025-06-04T20:00:00,16.9,99.0,2.5
C0FA70,2025-06-04T21:00:00,16.9,99.0,0.0
C0FA70,2025-06-04T22:00:00,16.8,99.0,0.5
C0FA70,2025-06-04T23:00:00,16.5,98.0,0.0
C0FA70,2025-06-04T23:59:00,16.4,97.0,0.0
C0FA70,2025-06-05T01:00:00,16.1,97.0,0.0
C0FA70,2025-06-05T02:00:00,16.0,98.0,0.0
C0FA70,2025-06-05T03:00:00,16.4,98.0,0.0
C0FA70,2025-06-05T04:00:00,16.3,98.0,0.0
C0FA70,2025-06-05T05:00:00,16.4,98.0,0.0
C0FA70,2025-06-05T06:00:00,16.8,98.0,5.0
C0FA70,2025-06-05T07:00:00,16.6,99.0,4.5
C0FA70,2025-06-05T08:00:00,16.4,99.0,3.5
C0FA70,2025-06-05T09:00:00,16.6,99.0,3.0
C0FA70,2025-06-05T10:00:00,16.0,98.0,2.5
C0FA70,2025-06-05T11:00:00,16.1,99.0,2.0
C0FA70,2025-06-05T12:00:00,16.8,99.0,0.0
C0FA70,2025-06-05T13:00:00,17.0,99.0,0.0
C0FA70,2025-06-05T14:00:00,16.1,99.0,5.5
C0FA70,2025-06-05T15:00:00,16.1,99.0,6.0
C0FA70,2025-06-05T16:00:00,16.0,99.0,6.0
C0FA70,2025-06-05T17:00:00,15.6,99.0,15.0
C0FA70,2025-06-05T18:00:00,15.0,99.0,7.0
C0FA70,2025-06-05T19:00:00,15.6,99.0,3.0
C0FA70,2025-06-05T20:00:00,15.6,99.0,0.5
C0FA70,2025-06-05T21:00:00,15.8,99.0,0.0
C0FA70,2025-06-05T22:00:00,15.7,99.0,0.5
C0FA70,2025-06-05T23:00:00,15.2,99.0,0.0
C0FA70,2025-06-05T23:59:00,,,0.0
C0FA70,2025-06-06T01:00:00,,,
C0FA70,2025-06-06T02:00:00,,,
C0FA70,2025-06-06T03:00:00,,,
C0FA70,2025-06-06T04:00:00,,,
C0FA70,2025-06-06T05:00:00,,,
C0FA70,2025-06-06T06:00:00,,,
C0FA70,2025-06-06T07:00:00,,,
C0FA70,2025-06-06T08:00:00,,,
C0FA70,2025-06-06T09:00:00,,,
C0FA70,2025-06-06T10:00:00,,,
C0FA70,2025-06-06T11:00:00,,,
C0FA70,2025-06-06T12:00:00,,,
C0FA70,2025-06-06T13:00:00,,,
C0FA70,2025-06-06T14:00:00,,,
C0FA70,2025-06-06T15:00:00,,,
C0FA70,2025-06-06T16:00:00,,,
C0FA70,2025-06-06T17:00:00,,,
C0FA70,2025-06-06T18:00:00,,,
C0FA70,2025-06-06T19:00:00,,,
C0FA70,2025-06-06T20:00:00,,,
C0FA70,2025-06-06T21:00:00,,,
C0FA70,2025-06-06T22:00:00,,,
C0FA70,2025-06-06T23:00:00,,,
C0FA70,2025-06-06T23:59:00,,,
C0FA70,2025-06-07T01:00:00,,,
C0FA70,2025-06-07T02:00:00,,,
C0FA70,2025-06-07T03:00:00,,,
C0FA70,2025-06-07T04:00:00,,,
C0FA70,2025-06-07T05:00:00,,,
C0FA70,2025-06-07T06:00:00,,,
C0FA70,2025-06-07T07:00:00,,,
C0FA70,2025-06-07T08:00:00,,,
C0FA70,2025-06-07T09:00:00,,,
C0FA70,2025-06-07T10:00:00,,,
C0FA70,2025-06-07T11:00:00,,,
C0FA70,2025-06-07T12:00:00,,,
C0FA70,2025-06-07T13:00:00,,,
C0FA70,2025-06-07T14:00:00,,,
C0FA70,2025-06-07T15:00:00,,,
C0FA70,2025-06-07T16:00:00,,,
C0FA70,2025-06-07T17:00:00,,,
C0FA70,2025-06-07T18:00:00,,,
C0FA70,2025-06-07T19:00:00,,,
C0FA70,2025-06-07T20:00:00,,,
C0FA70,2025-06-07T21:00:00,,,
C0FA70,2025-06-07T22:00:00,,,
C0FA70,2025-06-07T23:00:00,,,
C0FA70,2025-06-07T23:59:00,,,
C0FA70,2025-06-08T01:00:00,,,
C0FA70,2025-06-08T02:00:00,,,
C0FA70,2025-06-08T03:00:00,,,
C0FA70,2025-06-08T04:00:00,,,
C0FA70,2025-06-08T05:00:00,,,
C0FA70,2025-06-08T06:00:00,,,
C0FA70,2025-06-08T07:00:00,,,
C0FA70,2025-06-08T08:00:00,,,
C0FA70,2025-06-08T09:00:00,,,
C0FA70,2025-06-08T10:00:00,,,
C0FA70,2025-06-08T11:00:00,,,
C0FA70,2025-06-08T12:00:00,,,
C0FA70,2025-06-08T13:00:00,,,
C0FA70,2025-06-08T14:00:00,,,
C0FA70,2025-06-08T15:00:00,,,
C0FA70,2025-06-08T16:00:00,,,
C0FA70,2025-06-08T17:00:00,,,
C0FA70,2025-06-08T18:00:00,,,
C0FA70,2025-06-08T19:00:00,,,
C0FA70,2025-06-08T20:00:00,,,
C0FA70,2025-06-08T21:00:00,,,
C0FA70,2025-06-08T22:00:00,,,
C0FA70,2025-06-08T23:00:00,,,
C0FA70,2025-06-08T23:59:00,,,
C0FA70,2025-06-09T01:00:00,,,
C0FA70,2025-06-09T02:00:00,,,
C0FA70,2025-06-09T03:00:00,,,
C0FA70,2025-06-09T04:00:00,,,
C0FA70,2025-06-09T05:00:00,,,
C0FA70,2025-06-09T06:00:00,,,
C0FA70,2025-06-09T07:00:00,,,
C0FA70,2025-06-09T08:00:00,,,
C0FA70,2025-06-09T09:00:00,,,
C0FA70,2025-06-09T10:00:00,,,
C0FA70,2025-06-09T11:00:00,,,
C0FA70,2025-06-09T12:00:00,,,
C0FA70,2025-06-09T13:00:00,,,
C0FA70,2025-06-09T14:00:00,,,
C0FA70,2025-06-09T15:00:00,,,
C0FA70,2025-06-09T16:00:00,,,
C0FA70,2025-06-09T17:00:00,,,
C0FA70,2025-06-09T18:00:00,,,
C0FA70,2025-06-09T19:00:00,,,
C0FA70,2025-06-09T20:00:00,,,
C0FA70,2025-06-09T21:00:00,,,
C0FA70,2025-06-09T22:00:00,,,
C0FA70,2025-06-09T23:00:00,,,
C0FA70,2025-06-09T23:59:00,,,
C0FA70,2025-06-10T01:00:00,,,
C0FA70,2025-06-10T02:00:00,,,
C0FA70,2025-06-10T03:00:00,,,
C0FA70,2025-06-10T04:00:00,,,
C0FA70,2025-06-10T05:00:00,,,
C0FA70,2025-06-10T06:00:00,,,
C0FA70,2025-06-10T07:00:00,,,
C0FA70,2025-06-10T08:00:00,,,
C0FA70,2025-06-10T09:00:00,,,
C0FA70,2025-06-10T10:00:00,,,
C0FA70,2025-06-10T11:00:00,,,
C0FA70,2025-06-10T12:00:00,,,
C0FA70,2025-06-10T13:00:00,,,
C0FA70,2025-06-10T14:00:00,,,
C0FA70,2025-06-10T15:00:00,,,
C0FA70,2025-06-10T16:00:00,,,
C0FA70,2025-06-10T17:00:00,,,
C0FA70,2025-06-10T18:00:00,,,
C0FA70,2025-06-10T19:00:00,,,
C0FA70,2025-06-10T20:00:00,,,
C0FA70,2025-06-10T21:00:00,,,
C0FA70,2025-06-10T22:00:00,,,
C0FA70,2025-06-10T23:00:00,,,
C0FA70,2025-06-10T23:59:00,,,
C0FA70,2025-06-11T01:00:00,,,
C0FA70,2025-06-11T02:00:00,,,
C0FA70,2025-06-11T03:00:00,,,
C0FA70,2025-06-11T04:00:00,,,
C0FA70,2025-06-11T05:00:00,,,
C0FA70,2025-06-11T06:00:00,,,
C0FA70,2025-06-11T07:00:00,,,
C0FA70,2025-06-11T08:00:00,,,
C0FA70,2025-06-11T09:00:00,,,
C0FA70,2025-06-11T10:00:00,,,
C0FA70,2025-06-11T11:00:00,,,
C0FA70,2025-06-11T12:00:00,,,
C0FA70,2025-06-11T13:00:00,,,
C0FA70,2025-06-11T14:00:00,,,
C0FA70,2025-06-11T15:00:00,,,
C0FA70,2025-06-11T16:00:00,,,
C0FA70,2025-06-11T17:00:00,,,
C0FA70,2025-06-11T18:00:00,,,
C0FA70,2025-06-11T19:00:00,,,
C0FA70,2025-06-11T20:00:00,,,
C0FA70,2025-06-11T21:00:00,,,
C0FA70,2025-06-11T22:00:00,,,
C0FA70,2025-06-11T23:00:00,,,
C0FA70,2025-06-11T23:59:00,,,
C0FA70,2025-06-12T01:00:00,,,
C0FA70,2025-06-12T02:00:00,,,
C0FA70,2025-06-12T03:00:00,,,
C0FA70,2025-06-12T04:00:00,,,
C0FA70,2025-06-12T05:00:00,,,
C0FA70,2025-06-12T06:00:00,,,
C0FA70,2025-06-12T07:00:00,,,
C0FA70,2025-06-12T08:00:00,,,
C0FA70,2025-06-12T09:00:00,,,
C0FA70,2025-06-12T10:00:00,,,
C0FA70,2025-06-12T11:00:00,,,
C0FA70,2025-06-12T12:00:00,,,
C0FA70,2025-06-12T13:00:00,,,
C0FA70,2025-06-12T14:00:00,,,
C0FA70,2025-06-12T15:00:00,,,
C0FA70,2025-06-12T16:00:00,,,
C0FA70,2025-06-12T17:00:00,,,
C0FA70,2025-06-12T18:00:00,,,
C0FA70,2025-06-12T19:00:00,,,
C0FA70,2025-06-12T20:00:00,,,
C0FA70,2025-06-12T21:00:00,,,
C0FA70,2025-06-12T22:00:00,,,
C0FA70,2025-06-12T23:00:00,,,
C0FA70,2025-06-12T23:59:00,,,
C0FA70,2025-06-13T01:00:00,,,
C0FA70,2025-06-13T02:00:00,,,
C0FA70,2025-06-13T03:00:00,,,
C0FA70,2025-06-13T04:00:00,,,
C0FA70,2025-06-13T05:00:00,,,
C0FA70,2025-06-13T06:00:00,,,
C0FA70,2025-06-13T07:00:00,,,
C0FA70,2025-06-13T08:00:00,,,
C0FA70,2025-06-13T09:00:00,,,
C0FA70,2025-06-13T10:00:00,,,
C0FA70,2025-06-13T11:00:00,15.8,98.0,12.0
C0FA70,2025-06-13T12:00:00,15.7,99.0,10.5
C0FA70,2025-06-13T13:00:00,15.4,99.0,5.5
C0FA70,2025-06-13T14:00:00,15.7,99.0,4.5
C0FA70,2025-06-13T15:00:00,15.5,99.0,8.5
C0FA70,2025-06-13T16:00:00,15.7,99.0,12.5
C0FA70,2025-06-13T17:00:00,15.6,99.0,11.0
C0FA70,2025-06-13T18:00:00,15.3,99.0,19.5
C0FA70,2025-06-13T19:00:00,15.3,99.0,12.0
C0FA70,2025-06-13T20:00:00,14.9,99.0,10.5
C0FA70,2025-06-13T21:00:00,14.6,99.0,7.0
C0FA70,2025-06-13T22:00:00,14.8,99.0,3.0
C0FA70,2025-06-13T23:00:00,15.2,99.0,2.5
C0FA70,2025-06-13T23:59:00,15.3,99.0,2.0
C0FA70,2025-06-14T01:00:00,15.3,99.0,0.0
C0FA70,2025-06-14T02:00:00,15.0,99.0,0.5
C0FA70,2025-06-14T03:00:00,15.1,99.0,0.0
C0FA70,2025-06-14T04:00:00,15.0,99.0,0.0
C0FA70,2025-06-14T05:00:00,15.1,99.0,0.0
C0FA70,2025-06-14T06:00:00,15.2,99.0,0.0
C0FA70,2025-06-14T07:00:00,15.0,99.0,2.0
C0FA70,2025-06-14T08:00:00,14.7,99.0,0.0
C0FA70,2025-06-14T09:00:00,14.4,99.0,0.0
C0FA70,2025-06-14T10:00:00,14.4,99.0,0.0
C0FA70,2025-06-14T11:00:00,15.5,99.0,0.0
C0FA70,2025-06-14T12:00:00,15.1,98.0,0.0
C0FA70,2025-06-14T13:00:00,16.6,97.0,0.0
C0FA70,2025-06-14T14:00:00,15.9,97.0,0.0
C0FA70,2025-06-14T15:00:00,16.3,96.0,0.0
C0FA70,2025-06-14T16:00:00,16.2,96.0,0.0
C0FA70,2025-06-14T17:00:00,15.9,97.0,0.0
C0FA70,2025-06-14T18:00:00,15.7,98.0,0.0
C0FA70,2025-06-14T19:00:00,14.9,98.0,0.0
C0FA70,2025-06-14T20:00:00,14.3,95.0,0.0
C0FA70,2025-06-14T21:00:00,14.0,94.0,0.0
C0FA70,2025-06-14T22:00:00,14.0,94.0,0.0
C0FA70,2025-06-14T23:00:00,13.8,95.0,0.0
C0FA70,2025-06-14T23:59:00,14.0,95.0,0.0
C0FA70,2025-06-15T01:00:00,14.3,93.0,0.0
C0FA70,2025-06-15T02:00:00,14.1,91.0,0.0
C0FA70,2025-06-15T03:00:00,14.1,95.0,0.0
C0FA70,2025-06-15T04:00:00,14.5,91.0,0.0
C0FA70,2025-06-15T05:00:00,13.9,93.0,0.0
C0FA70,2025-06-15T06:00:00,14.3,91.0,0.0
C0FA70,2025-06-15T07:00:00,15.4,84.0,0.0
C0FA70,2025-06-15T08:00:00,16.5,84.0,0.0
C0FA70,2025-06-15T09:00:00,17.8,83.0,0.0
C0FA70,2025-06-15T10:00:00,18.9,80.0,0.0
C0FA70,2025-06-15T11:00:00,18.9,76.0,0.0
C0FA70,2025-06-15T12:00:00,20.1,75.0,0.0
C0FA70,2025-06-15T13:00:00,20.3,77.0,0.0
C0FA70,2025-06-15T14:00:00,19.4,80.0,0.0
C0FA70,2025-06-15T15:00:00,19.2,84.0,0.0
C0FA70,2025-06-15T16:00:00,18.8,89.0,0.0
C0FA70,2025-06-15T17:00:00,19.1,88.0,0.0
C0FA70,2025-06-15T18:00:00,17.0,91.0,0.0
C0FA70,2025-06-15T19:00:00,16.8,95.0,0.0
C0FA70,2025-06-15T20:00:00,15.4,95.0,0.0
C0FA70,2025-06-15T21:00:00,15.2,95.0,0.0
C0FA70,2025-06-15T22:00:00,14.7,91.0,0.0
C0FA70,2025-06-15T23:00:00,14.9,92.0,0.0
C0FA70,2025-06-15T23:59:00,14.8,92.0,0.0
C0FA70,2025-06-16T01:00:00,14.7,87.0,0.0
C0FA70,2025-06-16T02:00:00,14.7,88.0,0.0
C0FA70,2025-06-16T03:00:00,14.6,85.0,0.0
C0FA70,2025-06-16T04:00:00,14.2,91.0,0.0
C0FA70,2025-06-16T05:00:00,14.2,91.0,0.0
C0FA70,2025-06-16T06:00:00,15.0,95.0,0.0
C0FA70,2025-06-16T07:00:00,15.3,96.0,0.0
C0FA70,2025-06-16T08:00:00,15.4,97.0,0.0
C0FA70,2025-06-16T09:00:00,15.3,98.0,0.0
C0FA70,2025-06-16T10:00:00,15.3,98.0,1.0
C0FA70,2025-06-16T11:00:00,16.1,98.0,0.0
C0FA70,2025-06-16T12:00:00,16.2,97.0,0.0
C0FA70,2025-06-16T13:00:00,16.4,97.0,0.0
C0FA70,2025-06-16T14:00:00,17.0,96.0,0.0
C0FA70,2025-06-16T15:00:00,16.6,96.0,0.0
C0FA70,2025-06-16T16:00:00,16.9,96.0,0.0
C0FA70,2025-06-16T17:00:00,17.4,94.0,0.0
C0FA70,2025-06-16T18:00:00,16.5,98.0,0.0
C0FA70,2025-06-16T19:00:00,15.8,98.0,3.0
C0FA70,2025-06-16T20:00:00,15.2,97.0,16.0
C0FA70,2025-06-16T21:00:00,15.4,98.0,11.0
C0FA70,2025-06-16T22:00:00,15.2,97.0,1.0
C0FA70,2025-06-16T23:00:00,14.9,97.0,0.0
C0FA70,2025-06-16T23:59:00,14.9,97.0,0.0
C0FA70,2025-06-17T01:00:00,14.6,98.0,0.0
C0FA70,2025-06-17T02:00:00,14.7,98.0,0.0
C0FA70,2025-06-17T03:00:00,15.0,98.0,0.0
C0FA70,2025-06-17T04:00:00,15.1,98.0,0.0
C0FA70,2025-06-17T05:00:00,15.0,97.0,0.0
C0FA70,2025-06-17T06:00:00,15.0,96.0,0.0
C0FA70,2025-06-17T07:00:00,15.4,95.0,0.0
C0FA70,2025-06-17T08:00:00,16.7,95.0,0.0
C0FA70,2025-06-17T09:00:00,17.4,92.0,0.0
C0FA70,2025-06-17T10:00:00,16.9,94.0,0.0
C0FA70,2025-06-17T11:00:00,15.9,97.0,2.5
C0FA70,2025-06-17T12:00:00,15.4,98.0,0.5
C0FA70,2025-06-17T13:00:00,14.1,98.0,6.0
C0FA70,2025-06-17T14:00:00,15.1,98.0,0.5
C0FA70,2025-06-17T15:00:00,15.6,96.0,0.0
C0FA70,2025-06-17T16:00:00,16.9,92.0,0.0
C0FA70,2025-06-17T17:00:00,15.9,93.0,0.0
C0FA70,2025-06-17T18:00:00,14.9,91.0,0.0
C0FA70,2025-06-17T19:00:00,12.1,94.0,0.0
C0FA70,2025-06-17T20:00:00,12.1,94.0,0.0
C0FA70,2025-06-17T21:00:00,14.0,90.0,0.0
C0FA70,2025-06-17T22:00:00,14.8,88.0,0.0
C0FA70,2025-06-17T23:00:00,13.8,90.0,0.0
C0FA70,2025-06-17T23:59:00,15.6,84.0,0.0
C0FA70,2025-06-18T01:00:00,14.7,93.0,0.0
C0FA70,2025-06-18T02:00:00,14.1,95.0,0.0
C0FA70,2025-06-18T03:00:00,14.2,92.0,0.0
C0FA70,2025-06-18T04:00:00,14.7,91.0,0.0
C0FA70,2025-06-18T05:00:00,14.3,94.0,0.0
C0FA70,2025-06-18T06:00:00,14.6,89.0,0.0
C0FA70,2025-06-18T07:00:00,17.3,78.0,0.0
C0FA70,2025-06-18T08:00:00,18.4,77.0,0.0
C0FA70,2025-06-18T09:00:00,18.5,78.0,0.0
C0FA70,2025-06-18T10:00:00,18.5,82.0,0.0
C0FA70,2025-06-18T11:00:00,19.5,79.0,0.0
C0FA70,2025-06-18T12:00:00,19.9,83.0,0.0
C0FA70,2025-06-18T13:00:00,19.3,89.0,0.0
C0FA70,2025-06-18T14:00:00,17.1,94.0,0.0
C0FA70,2025-06-18T15:00:00,16.2,96.0,0.0
C0FA70,2025-06-18T16:00:00,15.4,96.0,1.0
C0FA70,2025-06-18T17:00:00,15.1,95.0,9.5
C0FA70,2025-06-18T18:00:00,14.6,96.0,6.0
C0FA70,2025-06-18T19:00:00,14.1,96.0,1.0
C0FA70,2025-06-18T20:00:00,14.6,93.0,0.0
C0FA70,2025-06-18T21:00:00,14.4,90.0,0.0
C0FA70,2025-06-18T22:00:00,13.2,95.0,0.0
C0FA70,2025-06-18T23:00:00,14.5,89.0,0.0
C0FA70,2025-06-18T23:59:00,14.6,88.0,0.0
C0FA70,2025-06-19T01:00:00,11.9,94.0,0.0
C0FA70,2025-06-19T02:00:00,11.9,94.0,0.0
C0FA70,2025-06-19T03:00:00,11.8,94.0,0.0
C0FA70,2025-06-19T04:00:00,11.9,90.0,0.0
C0FA70,2025-06-19T05:00:00,12.1,88.0,0.0
C0FA70,2025-06-19T06:00:00,13.8,80.0,0.0
C0FA70,2025-06-19T07:00:00,15.3,71.0,0.0
C0FA70,2025-06-19T08:00:00,19.3,50.0,0.0
C0FA70,2025-06-19T09:00:00,20.0,46.0,0.0
C0FA70,2025-06-19T10:00:00,20.9,51.0,0.0
C0FA70,2025-06-19T11:00:00,21.0,60.0,0.0
C0FA70,2025-06-19T12:00:00,20.6,70.0,0.0
C0FA70,2025-06-19T13:00:00,19.7,86.0,0.0
C0FA70,2025-06-19T14:00:00,18.3,92.0,0.0
C0FA70,2025-06-19T15:00:00,18.3,91.0,0.0
C0FA70,2025-06-19T16:00:00,17.9,92.0,0.0
C0FA70,2025-06-19T17:00:00,18.9,95.0,0.0
C0FA70,2025-06-19T18:00:00,16.6,93.0,0.0
C0FA70,2025-06-19T19:00:00,16.1,93.0,0.0
C0FA70,2025-06-19T20:00:00,15.9,94.0,0.0
C0FA70,2025-06-19T21:00:00,15.0,91.0,0.5
C0FA70,2025-06-19T22:00:00,15.4,95.0,0.0
C0FA70,2025-06-19T23:00:00,15.5,94.0,0.0
C0FA70,2025-06-19T23:59:00,15.8,95.0,0.0
C0FA70,2025-06-20T01:00:00,14.6,90.0,0.0
C0FA70,2025-06-20T02:00:00,14.4,92.0,0.0
C0FA70,2025-06-20T03:00:00,14.1,92.0,0.0
C0FA70,2025-06-20T04:00:00,14.1,89.0,0.0
C0FA70,2025-06-20T05:00:00,15.3,77.0,0.0
C0FA70,2025-06-20T06:00:00,15.4,78.0,0.0
C0FA70,2025-06-20T07:00:00,18.3,63.0,0.0
C0FA70,2025-06-20T08:00:00,19.4,58.0,0.0
C0FA70,2025-06-20T09:00:00,20.3,60.0,0.0
C0FA70,2025-06-20T10:00:00,20.7,71.0,0.0
C0FA70,2025-06-20T11:00:00,21.0,74.0,0.0
C0FA70,2025-06-20T12:00:00,19.8,83.0,0.0
C0FA70,2025-06-20T13:00:00,18.5,95.0,0.0
C0FA70,2025-06-20T14:00:00,17.5,92.0,0.0
C0FA70,2025-06-20T15:00:00,17.9,92.0,0.0
C0FA70,2025-06-20T16:00:00,19.1,93.0,0.0
C0FA70,2025-06-20T17:00:00,18.5,93.0,0.0
C0FA70,2025-06-20T18:00:00,17.1,94.0,0.0
C0FA70,2025-06-20T19:00:00,16.6,96.0,0.0
C0FA70,2025-06-20T20:00:00,16.1,95.0,0.0
C0FA70,2025-06-20T21:00:00,15.6,92.0,0.5
C0FA70,2025-06-20T22:00:00,15.8,95.0,0.0
C0FA70,2025-06-20T23:00:00,15.9,95.0,0.5
C0FA70,2025-06-20T23:59:00,15.3,95.0,0.0
C0FA70,2025-06-21T01:00:00,15.0,95.0,0.0
C0FA70,2025-06-21T02:00:00,14.9,93.0,0.0
C0FA70,2025-06-21T03:00:00,14.7,94.0,0.0
C0FA70,2025-06-21T04:00:00,14.1,96.0,0.0
C0FA70,2025-06-21T05:00:00,14.6,92.0,0.0
C0FA70,2025-06-21T06:00:00,15.5,94.0,0.0
C0FA70,2025-06-21T07:00:00,17.5,82.0,0.0
C0FA70,2025-06-21T08:00:00,19.6,63.0,0.0
C0FA70,2025-06-21T09:00:00,20.0,47.0,0.0
C0FA70,2025-06-21T10:00:00,19.0,68.0,0.0
C0FA70,2025-06-21T11:00:00,19.3,78.0,0.0
C0FA70,2025-06-21T12:00:00,19.3,84.0,0.0
C0FA70,2025-06-21T13:00:00,19.2,87.0,0.0
C0FA70,2025-06-21T14:00:00,19.1,85.0,0.0
C0FA70,2025-06-21T15:00:00,18.7,93.0,0.0
C0FA70,2025-06-21T16:00:00,19.1,83.0,0.0
C0FA70,2025-06-21T17:00:00,18.2,89.0,0.0
C0FA70,2025-06-21T18:00:00,17.3,91.0,0.0
C0FA70,2025-06-21T19:00:00,16.8,91.0,0.0
C0FA70,2025-06-21T20:00:00,16.6,93.0,0.0
C0FA70,2025-06-21T21:00:00,16.3,94.0,0.0
C0FA70,2025-06-21T22:00:00,16.2,96.0,0.0
C0FA70,2025-06-21T23:00:00,15.4,94.0,0.0
C0FA70,2025-06-21T23:59:00,15.0,93.0,0.0
C0FA70,2025-06-22T01:00:00,15.3,94.0,0.0
C0FA70,2025-06-22T02:00:00,14.8,94.0,0.0
C0FA70,2025-06-22T03:00:00,14.4,93.0,0.0
C0FA70,2025-06-22T04:00:00,14.1,91.0,0.0
C0FA70,2025-06-22T05:00:00,14.8,91.0,0.0
C0FA70,2025-06-22T06:00:00,15.4,91.0,0.0
C0FA70,2025-06-22T07:00:00,17.2,85.0,0.0
C0FA70,2025-06-22T08:00:00,19.0,67.0,0.0
C0FA70,2025-06-22T09:00:00,19.7,50.0,0.0
C0FA70,2025-06-22T10:00:00,20.1,73.0,0.0
C0FA70,2025-06-22T11:00:00,19.2,88.0,0.0
C0FA70,2025-06-22T12:00:00,19.2,90.0,0.0
C0FA70,2025-06-22T13:00:00,18.5,91.0,0.0
C0FA70,2025-06-22T14:00:00,18.6,92.0,0.0
C0FA70,2025-06-22T15:00:00,19.1,89.0,0.0
C0FA70,2025-06-22T16:00:00,21.7,78.0,0.0
C0FA70,2025-06-22T17:00:00,18.5,95.0,0.0
C0FA70,2025-06-22T18:00:00,17.4,92.0,0.0
C0FA70,2025-06-22T19:00:00,16.9,94.0,0.0
C0FA70,2025-06-22T20:00:00,16.3,90.0,0.0
C0FA70,2025-06-22T21:00:00,15.8,92.0,0.0
C0FA70,2025-06-22T22:00:00,16.0,94.0,0.0
C0FA70,2025-06-22T23:00:00,15.3,93.0,0.0
C0FA70,2025-06-22T23:59:00,15.5,90.0,0.0
C0FA70,2025-06-23T01:00:00,15.2,92.0,0.0
C0FA70,2025-06-23T02:00:00,15.3,94.0,0.0
C0FA70,2025-06-23T03:00:00,15.2,93.0,0.0
C0FA70,2025-06-23T04:00:00,14.4,90.0,0.0
C0FA70,2025-06-23T05:00:00,12.0,89.0,0.0
C0FA70,2025-06-23T06:00:00,15.3,90.0,0.0
C0FA70,2025-06-23T07:00:00,17.8,78.0,0.0
C0FA70,2025-06-23T08:00:00,19.1,56.0,0.0
C0FA70,2025-06-23T09:00:00,19.1,60.0,0.0
C0FA70,2025-06-23T10:00:00,19.4,90.0,0.0
C0FA70,2025-06-23T11:00:00,19.2,92.0,0.0
C0FA70,2025-06-23T12:00:00,19.3,92.0,0.0
C0FA70,2025-06-23T13:00:00,19.2,90.0,0.0
C0FA70,2025-06-23T14:00:00,19.0,93.0,0.0
C0FA70,2025-06-23T15:00:00,19.1,86.0,0.0
C0FA70,2025-06-23T16:00:00,18.2,93.0,0.0
C0FA70,2025-06-23T17:00:00,18.3,93.0,0.0
C0FA70,2025-06-23T18:00:00,17.2,95.0,0.0
C0FA70,2025-06-23T19:00:00,16.0,93.0,0.0
C0FA70,2025-06-23T20:00:00,15.3,95.0,0.0
C0FA70,2025-06-23T21:00:00,15.6,93.0,0.0
C0FA70,2025-06-23T22:00:00,15.8,96.0,0.0
C0FA70,2025-06-23T23:00:00,14.8,95.0,0.0
C0FA70,2025-06-23T23:59:00,16.3,93.0,0.0
C0FA70,2025-06-24T01:00:00,15.2,83.0,0.0
C0FA70,2025-06-24T02:00:00,15.4,93.0,0.0
C0FA70,2025-06-24T03:00:00,14.5,90.0,0.0
C0FA70,2025-06-24T04:00:00,14.6,91.0,0.0
C0FA70,2025-06-24T05:00:00,14.8,88.0,0.0
C0FA70,2025-06-24T06:00:00,15.8,86.0,0.0
C0FA70,2025-06-24T07:00:00,17.6,87.0,0.0
C0FA70,2025-06-24T08:00:00,19.8,69.0,0.0
C0FA70,2025-06-24T09:00:00,20.1,63.0,0.0
C0FA70,2025-06-24T10:00:00,20.9,78.0,0.0
C0FA70,2025-06-24T11:00:00,19.7,86.0,0.0
C0FA70,2025-06-24T12:00:00,19.1,93.0,0.0
C0FA70,2025-06-24T13:00:00,18.7,91.0,0.0
C0FA70,2025-06-24T14:00:00,19.1,95.0,0.0
C0FA70,2025-06-24T15:00:00,19.5,90.0,0.0
C0FA70,2025-06-24T16:00:00,18.0,91.0,0.0
C0FA70,2025-06-24T17:00:00,18.6,95.0,0.0
C0FA70,2025-06-24T18:00:00,18.6,94.0,0.0
C0FA70,2025-06-24T19:00:00,17.8,91.0,0.0
C0FA70,2025-06-24T20:00:00,17.2,93.0,0.0
C0FA70,2025-06-24T21:00:00,15.3,89.0,0.0
C0FA70,2025-06-24T22:00:00,15.5,94.0,0.0
C0FA70,2025-06-24T23:00:00,15.8,90.0,0.0
C0FA70,2025-06-24T23:59:00,16.2,94.0,0.0
C0FA70,2025-06-25T01:00:00,15.4,91.0,0.0
C0FA70,2025-06-25T02:00:00,16.1,94.0,0.0
C0FA70,2025-06-25T03:00:00,15.1,94.0,0.0
C0FA70,2025-06-25T04:00:00,14.9,90.0,0.0
C0FA70,2025-06-25T05:00:00,15.2,94.0,0.0
C0FA70,2025-06-25T06:00:00,15.6,89.0,0.0
C0FA70,2025-06-25T07:00:00,19.0,70.0,0.0
C0FA70,2025-06-25T08:00:00,20.3,60.0,0.0
C0FA70,2025-06-25T09:00:00,20.7,65.0,0.0
C0FA70,2025-06-25T10:00:00,20.6,79.0,0.0
C0FA70,2025-06-25T11:00:00,18.7,94.0,0.0
C0FA70,2025-06-25T12:00:00,19.2,91.0,0.0
C0FA70,2025-06-25T13:00:00,18.5,95.0,0.0
C0FA70,2025-06-25T14:00:00,19.2,93.0,0.0
C0FA70,2025-06-25T15:00:00,19.4,93.0,0.0
C0FA70,2025-06-25T16:00:00,18.8,93.0,0.0
C0FA70,2025-06-25T17:00:00,17.1,95.0,4.5
C0FA70,2025-06-25T18:00:00,16.1,94.0,15.0
C0FA70,2025-06-25T19:00:00,16.0,94.0,1.5
C0FA70,2025-06-25T20:00:00,15.6,95.0,1.0
C0FA70,2025-06-25T21:00:00,15.6,95.0,0.0
C0FA70,2025-06-25T22:00:00,15.2,96.0,0.5
C0FA70,2025-06-25T23:00:00,15.0,94.0,0.0
C0FA70,2025-06-25T23:59:00,15.5,93.0,0.0
C0FA70,2025-06-26T01:00:00,15.3,94.0,0.0
C0FA70,2025-06-26T02:00:00,14.7,94.0,0.0
C0FA70,2025-06-26T03:00:00,14.6,93.0,0.0
C0FA70,2025-06-26T04:00:00,14.7,93.0,0.0
C0FA70,2025-06-26T05:00:00,14.0,93.0,0.0
C0FA70,2025-06-26T06:00:00,14.0,93.0,0.0
C0FA70,2025-06-26T07:00:00,17.4,88.0,0.0
C0FA70,2025-06-26T08:00:00,19.2,65.0,0.0
C0FA70,2025-06-26T09:00:00,19.7,52.0,0.0
C0FA70,2025-06-26T10:00:00,19.1,82.0,0.0
C0FA70,2025-06-26T11:00:00,20.1,79.0,0.0
C0FA70,2025-06-26T12:00:00,20.6,84.0,0.0
C0FA70,2025-06-26T13:00:00,19.1,91.0,0.0
C0FA70,2025-06-26T14:00:00,19.4,95.0,0.0
C0FA70,2025-06-26T15:00:00,17.9,91.0,0.0
C0FA70,2025-06-26T16:00:00,18.8,93.0,0.0
C0FA70,2025-06-26T17:00:00,18.8,92.0,0.0
C0FA70,2025-06-26T18:00:00,19.3,92.0,3.5
C0FA70,2025-06-26T19:00:00,16.8,93.0,5.5
C0FA70,2025-06-26T20:00:00,16.2,91.0,0.0
C0FA70,2025-06-26T21:00:00,15.7,92.0,0.0
C0FA70,2025-06-26T22:00:00,14.3,97.0,2.0
C0FA70,2025-06-26T23:00:00,11.6,96.0,0.0
C0FA70,2025-06-26T23:59:00,12.0,93.0,0.0
C0FA70,2025-06-27T01:00:00,13.9,91.0,0.0
C0FA70,2025-06-27T02:00:00,15.5,84.0,0.0
C0FA70,2025-06-27T03:00:00,11.5,92.0,0.0
C0FA70,2025-06-27T04:00:00,11.2,92.0,0.0
C0FA70,2025-06-27T05:00:00,11.4,90.0,0.0
C0FA70,2025-06-27T06:00:00,11.8,94.0,0.0
C0FA70,2025-06-27T07:00:00,15.6,89.0,0.0
C0FA70,2025-06-27T08:00:00,19.2,61.0,0.0
C0FA70,2025-06-27T09:00:00,19.5,64.0,0.0
C0FA70,2025-06-27T10:00:00,19.4,75.0,0.0
C0FA70,2025-06-27T11:00:00,19.3,85.0,0.0
C0FA70,2025-06-27T12:00:00,18.9,94.0,0.0
C0FA70,2025-06-27T13:00:00,15.6,92.0,0.0
C0FA70,2025-06-27T14:00:00,15.5,84.0,0.0
C0FA70,2025-06-27T15:00:00,14.3,93.0,0.5
C0FA70,2025-06-27T16:00:00,13.8,89.0,1.0
C0FA70,2025-06-27T17:00:00,12.7,92.0,0.5
C0FA70,2025-06-27T18:00:00,11.5,93.0,0.0
C0FA70,2025-06-27T19:00:00,11.1,94.0,0.0
C0FA70,2025-06-27T20:00:00,11.1,89.0,0.0
C0FA70,2025-06-27T21:00:00,13.6,80.0,0.0
C0FA70,2025-06-27T22:00:00,12.7,81.0,0.0
C0FA70,2025-06-27T23:00:00,14.1,78.0,0.0
C0FA70,2025-06-27T23:59:00,11.5,83.0,0.0
C0FA70,2025-06-28T01:00:00,11.7,82.0,0.0
C0FA70,2025-06-28T02:00:00,11.8,82.0,0.0
C0FA70,2025-06-28T03:00:00,11.5,83.0,0.0
C0FA70,2025-06-28T04:00:00,11.6,81.0,0.0
C0FA70,2025-06-28T05:00:00,12.0,79.0,0.0
C0FA70,2025-06-28T06:00:00,13.4,79.0,0.0
C0FA70,2025-06-28T07:00:00,17.9,64.0,0.0
C0FA70,2025-06-28T08:00:00,18.8,49.0,0.0
C0FA70,2025-06-28T09:00:00,19.0,48.0,0.0
C0FA70,2025-06-28T10:00:00,19.2,63.0,0.0
C0FA70,2025-06-28T11:00:00,19.6,68.0,0.0
C0FA70,2025-06-28T12:00:00,20.1,74.0,0.0
C0FA70,2025-06-28T13:00:00,20.5,81.0,0.0
C0FA70,2025-06-28T14:00:00,19.0,93.0,0.0
C0FA70,2025-06-28T15:00:00,18.1,93.0,0.0
C0FA70,2025-06-28T16:00:00,17.1,91.0,0.0
C0FA70,2025-06-28T17:00:00,17.8,90.0,0.0
C0FA70,2025-06-28T18:00:00,17.3,91.0,0.0
C0FA70,2025-06-28T19:00:00,16.8,91.0,0.0
C0FA70,2025-06-28T20:00:00,16.0,92.0,0.0
C0FA70,2025-06-28T21:00:00,15.5,94.0,0.0
C0FA70,2025-06-28T22:00:00,15.3,93.0,0.0
C0FA70,2025-06-28T23:00:00,15.4,94.0,0.0
C0FA70,2025-06-28T23:59:00,15.1,93.0,0.0
C0FA70,2025-06-29T01:00:00,14.4,94.0,0.0
C0FA70,2025-06-29T02:00:00,14.1,92.0,0.0
C0FA70,2025-06-29T03:00:00,14.1,90.0,0.0
C0FA70,2025-06-29T04:00:00,14.3,86.0,0.0
C0FA70,2025-06-29T05:00:00,14.3,86.0,0.0
C0FA70,2025-06-29T06:00:00,15.0,81.0,0.0
C0FA70,2025-06-29T07:00:00,17.0,75.0,0.0
C0FA70,2025-06-29T08:00:00,17.9,70.0,0.0
C0FA70,2025-06-29T09:00:00,20.1,66.0,0.0
C0FA70,2025-06-29T10:00:00,19.7,69.0,0.0
C0FA70,2025-06-29T11:00:00,21.4,70.0,0.0
C0FA70,2025-06-29T12:00:00,21.8,73.0,0.0
C0FA70,2025-06-29T13:00:00,21.5,77.0,0.0
C0FA70,2025-06-29T14:00:00,19.2,92.0,0.0
C0FA70,2025-06-29T15:00:00,18.2,91.0,0.0
C0FA70,2025-06-29T16:00:00,17.7,93.0,0.0
C0FA70,2025-06-29T17:00:00,,,3.0
C0FA70,2025-06-29T18:00:00,15.2,96.0,11.0
C0FA70,2025-06-29T19:00:00,15.4,97.0,0.5
C0FA70,2025-06-29T20:00:00,15.4,96.0,0.0
C0FA70,2025-06-29T21:00:00,15.9,90.0,0.0
C0FA70,2025-06-29T22:00:00,15.4,94.0,0.0
C0FA70,2025-06-29T23:00:00,14.3,91.0,0.0
C0FA70,2025-06-29T23:59:00,14.1,91.0,0.0
C0FA70,2025-06-30T01:00:00,14.0,90.0,0.0
C0FA70,2025-06-30T02:00:00,13.9,90.0,0.0
C0FA70,2025-06-30T03:00:00,14.2,93.0,0.0
C0FA70,2025-06-30T04:00:00,14.7,93.0,0.0
C0FA70,2025-06-30T05:00:00,14.0,95.0,0.0
C0FA70,2025-06-30T06:00:00,14.6,93.0,0.0
C0FA70,2025-06-30T07:00:00,17.6,78.0,0.0
C0FA70,2025-06-30T08:00:00,19.6,57.0,0.0
C0FA70,2025-06-30T09:00:00,20.6,52.0,0.0
C0FA70,2025-06-30T10:00:00,21.3,50.0,0.0
C0FA70,2025-06-30T11:00:00,21.0,73.0,0.0
C0FA70,2025-06-30T12:00:00,21.7,70.0,0.0
C0FA70,2025-06-30T13:00:00,21.0,84.0,0.0
C0FA70,2025-06-30T14:00:00,19.7,91.0,0.0
C0FA70,2025-06-30T15:00:00,19.6,94.0,0.0
C0FA70,2025-06-30T16:00:00,19.3,93.0,0.0
C0FA70,2025-06-30T17:00:00,19.4,90.0,0.0
C0FA70,2025-06-30T18:00:00,19.0,93.0,0.0
C0FA70,2025-06-30T19:00:00,17.4,91.0,0.0
C0FA70,2025-06-30T20:00:00,16.9,90.0,0.0
C0FA70,2025-06-30T21:00:00,16.3,93.0,0.0
C0FA70,2025-06-30T22:00:00,15.2,90.0,0.0
C0FA70,2025-06-30T23:00:00,15.2,81.0,0.0
C0FA70,2025-06-30T23:59:00,15.7,76.0,0.0
C0FA70,2025-07-01T01:00:00,15.2,78.0,0.0
C0FA70,2025-07-01T02:00:00,,,
C0FA70,2025-07-01T03:00:00,,,
C0FA70,2025-07-01T04:00:00,,,
C0FA70,2025-07-01T05:00:00,,,
C0FA70,2025-07-01T06:00:00,,,
C0FA70,2025-07-01T07:00:00,,,
C0FA70,2025-07-01T08:00:00,,,
C0FA70,2025-07-01T09:00:00,,,
C0FA70,2025-07-01T10:00:00,,,
C0FA70,2025-07-01T11:00:00,,,
C0FA70,2025-07-01T12:00:00,,,
C0FA70,2025-07-01T13:00:00,,,
C0FA70,2025-07-01T14:00:00,,,
C0FA70,2025-07-01T15:00:00,,,
C0FA70,2025-07-01T16:00:00,,,
C0FA70,2025-07-01T17:00:00,19.1,91.0,0.0
C0FA70,2025-07-01T18:00:00,19.3,91.0,0.0
C0FA70,2025-07-01T19:00:00,18.6,91.0,0.0
C0FA70,2025-07-01T20:00:00,18.0,91.0,0.0
C0FA70,2025-07-01T21:00:00,17.3,91.0,0.0
C0FA70,2025-07-01T22:00:00,16.3,90.0,0.0
C0FA70,2025-07-01T23:00:00,14.9,85.0,0.0
C0FA70,2025-07-01T23:59:00,15.2,77.0,0.0
C0FA70,2025-07-02T01:00:00,15.1,71.0,0.0
C0FA70,2025-07-02T02:00:00,15.9,73.0,0.0
C0FA70,2025-07-02T03:00:00,16.0,75.0,0.0
C0FA70,2025-07-02T04:00:00,15.8,77.0,0.0
C0FA70,2025-07-02T05:00:00,15.1,80.0,0.0
C0FA70,2025-07-02T06:00:00,16.9,74.0,0.0
C0FA70,2025-07-02T07:00:00,18.8,63.0,0.0
C0FA70,2025-07-02T08:00:00,20.5,49.0,0.0
C0FA70,2025-07-02T09:00:00,22.0,47.0,0.0
C0FA70,2025-07-02T10:00:00,21.7,54.0,0.0
C0FA70,2025-07-02T11:00:00,22.8,50.0,0.0
C0FA70,2025-07-02T12:00:00,23.3,59.0,0.0
C0FA70,2025-07-02T13:00:00,19.9,90.0,0.0
C0FA70,2025-07-02T14:00:00,20.0,93.0,0.0
C0FA70,2025-07-02T15:00:00,20.6,89.0,0.0
C0FA70,2025-07-02T16:00:00,20.1,93.0,0.0
C0FA70,2025-07-02T17:00:00,18.8,92.0,0.0
C0FA70,2025-07-02T18:00:00,19.5,92.0,0.0
C0FA70,2025-07-02T19:00:00,18.6,93.0,0.0
C0FA70,2025-07-02T20:00:00,18.1,92.0,0.0
C0FA70,2025-07-02T21:00:00,16.5,93.0,0.0
C0FA70,2025-07-02T22:00:00,16.1,91.0,0.0
C0FA70,2025-07-02T23:00:00,15.1,94.0,0.0
C0FA70,2025-07-02T23:59:00,14.6,82.0,0.0
C0FA70,2025-07-03T01:00:00,15.1,86.0,0.0
C0FA70,2025-07-03T02:00:00,14.4,88.0,0.0
C0FA70,2025-07-03T03:00:00,14.5,89.0,0.0
C0FA70,2025-07-03T04:00:00,14.8,89.0,0.0
C0FA70,2025-07-03T05:00:00,14.2,92.0,0.0
C0FA70,2025-07-03T06:00:00,14.8,89.0,0.0
C0FA70,2025-07-03T07:00:00,17.5,76.0,0.0
C0FA70,2025-07-03T08:00:00,19.1,68.0,0.0
C0FA70,2025-07-03T09:00:00,18.9,73.0,0.0
C0FA70,2025-07-03T10:00:00,20.8,77.0,0.0
C0FA70,2025-07-03T11:00:00,22.0,78.0,0.0
C0FA70,2025-07-03T12:00:00,19.4,94.0,0.0
C0FA70,2025-07-03T13:00:00,19.3,95.0,0.0
C0FA70,2025-07-03T14:00:00,18.9,94.0,0.0
C0FA70,2025-07-03T15:00:00,19.4,92.0,0.0
C0FA70,2025-07-03T16:00:00,18.9,94.0,0.0
C0FA70,2025-07-03T17:00:00,19.2,91.0,0.0
C0FA70,2025-07-03T18:00:00,18.9,91.0,0.0
C0FA70,2025-07-03T19:00:00,18.1,92.0,0.0
C0FA70,2025-07-03T20:00:00,17.8,93.0,0.0
C0FA70,2025-07-03T21:00:00,16.1,94.0,0.0
C0FA70,2025-07-03T22:00:00,15.2,92.0,0.0
C0FA70,2025-07-03T23:00:00,15.7,81.0,0.0
C0FA70,2025-07-03T23:59:00,16.8,76.0,0.0
C0FA70,2025-07-04T01:00:00,15.8,73.0,0.0
C0FA70,2025-07-04T02:00:00,15.3,77.0,0.0
C0FA70,2025-07-04T03:00:00,15.6,82.0,0.0
C0FA70,2025-07-04T04:00:00,15.6,84.0,0.0
C0FA70,2025-07-04T05:00:00,15.9,90.0,0.0
C0FA70,2025-07-04T06:00:00,16.8,88.0,0.0
C0FA70,2025-07-04T07:00:00,19.2,78.0,0.0
C0FA70,2025-07-04T08:00:00,20.9,67.0,0.0
C0FA70,2025-07-04T09:00:00,22.0,61.0,0.0
C0FA70,2025-07-04T10:00:00,22.1,62.0,0.0
C0FA70,2025-07-04T11:00:00,22.9,66.0,0.0
C0FA70,2025-07-04T12:00:00,22.8,78.0,0.0
C0FA70,2025-07-04T13:00:00,19.2,96.0,0.0
C0FA70,2025-07-04T14:00:00,19.2,93.0,0.0
C0FA70,2025-07-04T15:00:00,19.0,90.0,0.0
C0FA70,2025-07-04T16:00:00,19.0,90.0,0.0
C0FA70,2025-07-04T17:00:00,18.6,94.0,0.0
C0FA70,2025-07-04T18:00:00,18.1,96.0,0.0
C0FA70,2025-07-04T19:00:00,17.5,97.0,0.0
C0FA70,2025-07-04T20:00:00,17.6,97.0,0.0
C0FA70,2025-07-04T21:00:00,17.3,96.0,0.0
C0FA70,2025-07-04T22:00:00,16.1,96.0,0.0
C0FA70,2025-07-04T23:00:00,15.1,96.0,0.0
C0FA70,2025-07-04T23:59:00,14.7,95.0,0.0
C0FA70,2025-07-05T01:00:00,14.7,93.0,0.0
C0FA70,2025-07-05T02:00:00,14.6,92.0,0.0
C0FA70,2025-07-05T03:00:00,14.0,92.0,0.0
C0FA70,2025-07-05T04:00:00,13.7,91.0,0.0
C0FA70,2025-07-05T05:00:00,13.8,96.0,0.0
C0FA70,2025-07-05T06:00:00,14.6,92.0,0.0
C0FA70,2025-07-05T07:00:00,19.3,69.0,0.0
C0FA70,2025-07-05T08:00:00,19.2,65.0,0.0
C0FA70,2025-07-05T09:00:00,19.3,69.0,0.0
C0FA70,2025-07-05T10:00:00,20.2,69.0,0.0
C0FA70,2025-07-05T11:00:00,19.9,83.0,0.0
C0FA70,2025-07-05T12:00:00,19.2,91.0,0.0
C0FA70,2025-07-05T13:00:00,19.4,89.0,0.0
C0FA70,2025-07-05T14:00:00,18.9,91.0,0.0
C0FA70,2025-07-05T15:00:00,19.7,87.0,0.0
C0FA70,2025-07-05T16:00:00,18.9,92.0,0.0
C0FA70,2025-07-05T17:00:00,18.4,91.0,0.0
C0FA70,2025-07-05T18:00:00,17.7,94.0,0.0
C0FA70,2025-07-05T19:00:00,17.1,94.0,2.0
C0FA70,2025-07-05T20:00:00,15.6,95.0,2.5
C0FA70,2025-07-05T21:00:00,15.0,95.0,0.0
C0FA70,2025-07-05T22:00:00,14.7,93.0,0.0
C0FA70,2025-07-05T23:00:00,13.8,95.0,0.0
C0FA70,2025-07-05T23:59:00,12.0,94.0,0.0
C0FA70,2025-07-06T01:00:00,12.0,94.0,0.0
C0FA70,2025-07-06T02:00:00,11.7,93.0,0.0
C0FA70,2025-07-06T03:00:00,11.7,92.0,0.0
C0FA70,2025-07-06T04:00:00,14.7,89.0,0.0
C0FA70,2025-07-06T05:00:00,13.4,94.0,0.0
C0FA70,2025-07-06T06:00:00,16.1,81.0,0.0
C0FA70,2025-07-06T07:00:00,17.2,80.0,0.0
C0FA70,2025-07-06T08:00:00,19.3,70.0,0.0
C0FA70,2025-07-06T09:00:00,18.8,76.0,0.0
C0FA70,2025-07-06T10:00:00,19.2,71.0,0.0
C0FA70,2025-07-06T11:00:00,18.9,74.0,0.0
C0FA70,2025-07-06T12:00:00,19.3,81.0,0.0
C0FA70,2025-07-06T13:00:00,17.7,90.0,0.0
C0FA70,2025-07-06T14:00:00,15.6,93.0,1.5
C0FA70,2025-07-06T15:00:00,15.0,95.0,1.0
C0FA70,2025-07-06T16:00:00,14.6,94.0,1.0
C0FA70,2025-07-06T17:00:00,17.2,84.0,0.0
C0FA70,2025-07-06T18:00:00,17.8,75.0,0.0
C0FA70,2025-07-06T19:00:00,15.5,90.0,0.0
C0FA70,2025-07-06T20:00:00,16.0,85.0,0.0
C0FA70,2025-07-06T21:00:00,15.8,85.0,0.0
C0FA70,2025-07-06T22:00:00,16.1,88.0,0.0
C0FA70,2025-07-06T23:00:00,15.0,92.0,1.5
C0FA70,2025-07-06T23:59:00,15.3,90.0,1.0
C0FA70,2025-07-07T01:00:00,15.1,94.0,1.0
C0FA70,2025-07-07T02:00:00,15.3,92.0,0.5
C0FA70,2025-07-07T03:00:00,14.5,96.0,23.0
C0FA70,2025-07-07T04:00:00,13.9,97.0,23.0
C0FA70,2025-07-07T05:00:00,14.4,98.0,23.5
C0FA70,2025-07-07T06:00:00,14.7,98.0,13.5
C0FA70,2025-07-07T07:00:00,14.9,98.0,16.5
C0FA70,2025-07-07T08:00:00,14.9,98.0,22.5
C0FA70,2025-07-07T09:00:00,15.1,98.0,21.5
C0FA70,2025-07-07T10:00:00,14.1,98.0,17.5
C0FA70,2025-07-07T11:00:00,15.2,98.0,5.5
C0FA70,2025-07-07T12:00:00,15.0,98.0,6.0
C0FA70,2025-07-07T13:00:00,14.7,98.0,5.0
C0FA70,2025-07-07T14:00:00,15.1,99.0,1.5
C0FA70,2025-07-07T15:00:00,15.0,99.0,0.0
C0FA70,2025-07-07T16:00:00,14.9,98.0,5.0
C0FA70,2025-07-07T17:00:00,14.5,99.0,0.0
C0FA70,2025-07-07T18:00:00,13.9,99.0,0.0
C0FA70,2025-07-07T19:00:00,14.2,99.0,0.0
C0FA70,2025-07-07T20:00:00,14.7,99.0,0.0
C0FA70,2025-07-07T21:00:00,15.0,98.0,0.0
C0FA70,2025-07-07T22:00:00,14.4,99.0,0.0
C0FA70,2025-07-07T23:00:00,14.1,99.0,0.0
C0FA70,2025-07-07T23:59:00,14.0,99.0,0.0
C0FA70,2025-07-08T01:00:00,14.2,99.0,0.0
C0FA70,2025-07-08T02:00:00,14.5,99.0,0.0
C0FA70,2025-07-08T03:00:00,14.6,99.0,0.0
C0FA70,2025-07-08T04:00:00,14.5,99.0,0.0
C0FA70,2025-07-08T05:00:00,14.4,99.0,0.0
C0FA70,2025-07-08T06:00:00,14.6,99.0,1.5
C0FA70,2025-07-08T07:00:00,14.9,99.0,0.5
C0FA70,2025-07-08T08:00:00,14.8,99.0,0.0
C0FA70,2025-07-08T09:00:00,15.2,99.0,0.0
C0FA70,2025-07-08T10:00:00,16.0,99.0,0.5
C0FA70,2025-07-08T11:00:00,15.5,99.0,11.0
C0FA70,2025-07-08T12:00:00,15.5,99.0,0.0
C0FA70,2025-07-08T13:00:00,15.4,99.0,0.0
C0FA70,2025-07-08T14:00:00,15.8,99.0,0.0
C0FA70,2025-07-08T15:00:00,15.9,99.0,0.0
C0FA70,2025-07-08T16:00:00,16.1,99.0,0.0
C0FA70,2025-07-08T17:00:00,16.1,99.0,0.0
C0FA70,2025-07-08T18:00:00,15.3,99.0,0.0
C0FA70,2025-07-08T19:00:00,15.8,99.0,0.0
C0FA70,2025-07-08T20:00:00,15.6,99.0,0.0
C0FA70,2025-07-08T21:00:00,15.5,99.0,0.0
C0FA70,2025-07-08T22:00:00,15.3,99.0,0.0
C0FA70,2025-07-08T23:00:00,15.4,99.0,0.0
C0FA70,2025-07-08T23:59:00,15.6,99.0,0.0
C0FA70,2025-07-09T01:00:00,15.5,99.0,0.0
C0FA70,2025-07-09T02:00:00,15.4,99.0,0.0
C0FA70,2025-07-09T03:00:00,15.5,99.0,0.0
C0FA70,2025-07-09T04:00:00,15.5,99.0,0.5
C0FA70,2025-07-09T05:00:00,15.3,99.0,5.0
C0FA70,2025-07-09T06:00:00,15.4,99.0,1.5
C0FA70,2025-07-09T07:00:00,15.0,99.0,1.5
C0FA70,2025-07-09T08:00:00,14.8,99.0,0.5
C0FA70,2025-07-09T09:00:00,14.9,99.0,1.0
C0FA70,2025-07-09T10:00:00,14.7,99.0,7.5
C0FA70,2025-07-09T11:00:00,14.7,99.0,9.5
C0FA70,2025-07-09T12:00:00,14.8,99.0,8.0
C0FA70,2025-07-09T13:00:00,14.4,99.0,7.0
C0FA70,2025-07-09T14:00:00,14.5,99.0,13.5
C0FA70,2025-07-09T15:00:00,14.3,99.0,7.5
C0FA70,2025-07-09T16:00:00,14.8,99.0,12.5
C0FA70,2025-07-09T17:00:00,14.9,99.0,10.0
C0FA70,2025-07-09T18:00:00,14.9,99.0,10.5
C0FA70,2025-07-09T19:00:00,14.5,99.0,12.5
C0FA70,2025-07-09T20:00:00,14.9,99.0,11.5
C0FA70,2025-07-09T21:00:00,14.8,99.0,1.5
C0FA70,2025-07-09T22:00:00,14.8,98.0,0.0
C0FA70,2025-07-09T23:00:00,14.6,96.0,0.0
C0FA70,2025-07-09T23:59:00,14.8,95.0,0.0
C0FA70,2025-07-10T01:00:00,14.6,97.0,0.0
C0FA70,2025-07-10T02:00:00,14.4,97.0,0.0
C0FA70,2025-07-10T03:00:00,14.4,97.0,0.0
C0FA70,2025-07-10T04:00:00,14.5,96.0,0.0
C0FA70,2025-07-10T05:00:00,14.3,98.0,0.5
C0FA70,2025-07-10T06:00:00,14.1,99.0,0.5
C0FA70,2025-07-10T07:00:00,14.8,97.0,1.0
C0FA70,2025-07-10T08:00:00,14.6,97.0,1.0
C0FA70,2025-07-10T09:00:00,15.0,97.0,0.0
C0FA70,2025-07-10T10:00:00,15.1,97.0,0.5
C0FA70,2025-07-10T11:00:00,15.0,97.0,1.5
C0FA70,2025-07-10T12:00:00,15.1,98.0,1.5
C0FA70,2025-07-10T13:00:00,15.2,97.0,1.5
C0FA70,2025-07-10T14:00:00,15.4,97.0,1.5
C0FA70,2025-07-10T15:00:00,15.5,96.0,0.5
C0FA70,2025-07-10T16:00:00,15.0,97.0,0.0
C0FA70,2025-07-10T17:00:00,15.5,94.0,0.5
C0FA70,2025-07-10T18:00:00,15.1,95.0,0.0
C0FA70,2025-07-10T19:00:00,14.7,97.0,0.0
C0FA70,2025-07-10T20:00:00,14.7,97.0,0.0
C0FA70,2025-07-10T21:00:00,14.6,98.0,0.5
C0FA70,2025-07-10T22:00:00,14.8,96.0,0.0
C0FA70,2025-07-10T23:00:00,14.7,97.0,0.5
C0FA70,2025-07-10T23:59:00,15.2,92.0,0.0
C0FA70,2025-07-11T01:00:00,14.6,97.0,0.0
C0FA70,2025-07-11T02:00:00,14.5,97.0,0.0
C0FA70,2025-07-11T03:00:00,14.4,97.0,1.0
C0FA70,2025-07-11T04:00:00,15.2,98.0,0.0
C0FA70,2025-07-11T05:00:00,15.2,98.0,0.0
C0FA70,2025-07-11T06:00:00,15.2,99.0,0.5
C0FA70,2025-07-11T07:00:00,15.0,98.0,0.0
C0FA70,2025-07-11T08:00:00,15.4,98.0,6.0
C0FA70,2025-07-11T09:00:00,15.4,99.0,1.0
C0FA70,2025-07-11T10:00:00,15.5,99.0,0.0
C0FA70,2025-07-11T11:00:00,15.5,99.0,0.5
C0FA70,2025-07-11T12:00:00,15.7,98.0,0.0
C0FA70,2025-07-11T13:00:00,16.6,98.0,0.0
C0FA70,2025-07-11T14:00:00,16.9,97.0,0.0
C0FA70,2025-07-11T15:00:00,16.2,98.0,0.0
C0FA70,2025-07-11T16:00:00,16.5,99.0,3.5
C0FA70,2025-07-11T17:00:00,16.2,99.0,6.0
C0FA70,2025-07-11T18:00:00,16.2,99.0,1.0
C0FA70,2025-07-11T19:00:00,16.2,99.0,0.0
C0FA70,2025-07-11T20:00:00,16.0,99.0,0.0
C0FA70,2025-07-11T21:00:00,15.7,99.0,0.0
C0FA70,2025-07-11T22:00:00,15.5,99.0,0.0
C0FA70,2025-07-11T23:00:00,15.2,99.0,0.0
C0FA70,2025-07-11T23:59:00,15.0,99.0,0.0
C0FA70,2025-07-12T01:00:00,15.1,99.0,0.0
C0FA70,2025-07-12T02:00:00,14.5,98.0,0.0
C0FA70,2025-07-12T03:00:00,14.6,98.0,0.0
C0FA70,2025-07-12T04:00:00,14.6,97.0,0.0
C0FA70,2025-07-12T05:00:00,14.8,98.0,0.0
C0FA70,2025-07-12T06:00:00,15.0,98.0,0.0
C0FA70,2025-07-12T07:00:00,15.8,95.0,0.0
C0FA70,2025-07-12T08:00:00,16.3,93.0,0.0
C0FA70,2025-07-12T09:00:00,16.7,94.0,0.0
C0FA70,2025-07-12T10:00:00,17.7,91.0,0.0
C0FA70,2025-07-12T11:00:00,18.5,93.0,0.0
C0FA70,2025-07-12T12:00:00,19.3,93.0,0.0
C0FA70,2025-07-12T13:00:00,18.6,93.0,0.0
C0FA70,2025-07-12T14:00:00,19.1,90.0,0.0
C0FA70,2025-07-12T15:00:00,19.3,90.0,0.0
C0FA70,2025-07-12T16:00:00,17.9,94.0,0.0
C0FA70,2025-07-12T17:00:00,17.8,94.0,0.0
C0FA70,2025-07-12T18:00:00,17.3,97.0,0.0
C0FA70,2025-07-12T19:00:00,17.0,98.0,0.0
C0FA70,2025-07-12T20:00:00,16.5,98.0,0.0
C0FA70,2025-07-12T21:00:00,16.9,96.0,0.0
C0FA70,2025-07-12T22:00:00,17.0,95.0,0.0
C0FA70,2025-07-12T23:00:00,16.6,96.0,0.0
C0FA70,2025-07-12T23:59:00,16.4,96.0,0.0
C0FA70,2025-07-13T01:00:00,16.8,91.0,0.0
C0FA70,2025-07-13T02:00:00,16.2,94.0,0.0
C0FA70,2025-07-13T03:00:00,16.2,95.0,0.0
C0FA70,2025-07-13T04:00:00,15.8,92.0,0.0
C0FA70,2025-07-13T05:00:00,15.2,92.0,0.0
C0FA70,2025-07-13T06:00:00,15.5,92.0,0.0
C0FA70,2025-07-13T07:00:00,16.8,93.0,0.0
C0FA70,2025-07-13T08:00:00,18.2,86.0,0.0
C0FA70,2025-07-13T09:00:00,19.5,71.0,0.0
C0FA70,2025-07-13T10:00:00,19.1,83.0,0.0
C0FA70,2025-07-13T11:00:00,19.3,90.0,0.0
C0FA70,2025-07-13T12:00:00,19.4,90.0,0.0
C0FA70,2025-07-13T13:00:00,19.0,92.0,0.0
C0FA70,2025-07-13T14:00:00,19.3,89.0,0.0
C0FA70,2025-07-13T15:00:00,18.1,91.0,0.0
C0FA70,2025-07-13T16:00:00,17.9,92.0,0.0
C0FA70,2025-07-13T17:00:00,17.2,94.0,0.0
C0FA70,2025-07-13T18:00:00,16.1,96.0,0.0
C0FA70,2025-07-13T19:00:00,15.8,95.0,0.0
C0FA70,2025-07-13T20:00:00,15.1,94.0,0.0
C0FA70,2025-07-13T21:00:00,15.0,94.0,0.0
C0FA70,2025-07-13T22:00:00,14.9,94.0,0.0
C0FA70,2025-07-13T23:00:00,14.8,93.0,0.0
C0FA70,2025-07-13T23:59:00,14.6,93.0,0.0
C0FA70,2025-07-14T01:00:00,14.8,90.0,0.0
C0FA70,2025-07-14T02:00:00,14.6,92.0,0.0
C0FA70,2025-07-14T03:00:00,14.4,95.0,0.0
C0FA70,2025-07-14T04:00:00,14.4,94.0,0.0
C0FA70,2025-07-14T05:00:00,14.5,92.0,0.0
C0FA70,2025-07-14T06:00:00,15.3,94.0,0.0
C0FA70,2025-07-14T07:00:00,16.1,94.0,0.0
C0FA70,2025-07-14T08:00:00,17.7,89.0,0.0
C0FA70,2025-07-14T09:00:00,18.9,86.0,0.0
C0FA70,2025-07-14T10:00:00,19.4,78.0,0.0
C0FA70,2025-07-14T11:00:00,18.0,90.0,0.0
C0FA70,2025-07-14T12:00:00,18.0,90.0,0.0
C0FA70,2025-07-14T13:00:00,17.3,92.0,0.0
C0FA70,2025-07-14T14:00:00,17.2,93.0,0.0
C0FA70,2025-07-14T15:00:00,16.7,95.0,0.0
C0FA70,2025-07-14T16:00:00,16.6,96.0,0.0
C0FA70,2025-07-14T17:00:00,15.8,97.0,0.5
C0FA70,2025-07-14T18:00:00,15.9,98.0,0.5
C0FA70,2025-07-14T19:00:00,15.5,98.0,0.0
C0FA70,2025-07-14T20:00:00,15.3,97.0,0.0
C0FA70,2025-07-14T21:00:00,15.3,97.0,0.0
C0FA70,2025-07-14T22:00:00,15.3,98.0,0.0
C0FA70,2025-07-14T23:00:00,14.9,98.0,0.0
C0FA70,2025-07-14T23:59:00,14.4,97.0,0.0
C0FA70,2025-07-15T01:00:00,14.5,97.0,0.0
C0FA70,2025-07-15T02:00:00,,,0.0
C0FA70,2025-07-15T03:00:00,,,
C0FA70,2025-07-15T04:00:00,,,
C0FA70,2025-07-15T05:00:00,,,
C0FA70,2025-07-15T06:00:00,,,
C0FA70,2025-07-15T07:00:00,,,
C0FA70,2025-07-15T08:00:00,,,
C0FA70,2025-07-15T09:00:00,,,
C0FA70,2025-07-15T10:00:00,,,
C0FA70,2025-07-15T11:00:00,,,
C0FA70,2025-07-15T12:00:00,,,
C0FA70,2025-07-15T13:00:00,,,
C0FA70,2025-07-15T14:00:00,,,
C0FA70,2025-07-15T15:00:00,,,
C0FA70,2025-07-15T16:00:00,17.5,97.0,0.5
C0FA70,2025-07-15T17:00:00,17.5,96.0,0.0
C0FA70,2025-07-15T18:00:00,16.8,97.0,0.0
C0FA70,2025-07-15T19:00:00,16.4,98.0,0.0
C0FA70,2025-07-15T20:00:00,16.1,96.0,0.0
C0FA70,2025-07-15T21:00:00,15.9,95.0,0.0
C0FA70,2025-07-15T22:00:00,15.8,96.0,0.0
C0FA70,2025-07-15T23:00:00,15.4,96.0,0.0
C0FA70,2025-07-15T23:59:00,15.3,96.0,0.0
C0FA70,2025-07-16T01:00:00,15.6,95.0,0.0
C0FA70,2025-07-16T02:00:00,15.5,96.0,0.0
C0FA70,2025-07-16T03:00:00,15.5,97.0,0.0
C0FA70,2025-07-16T04:00:00,15.7,97.0,0.0
C0FA70,2025-07-16T05:00:00,15.7,96.0,0.0
C0FA70,2025-07-16T06:00:00,16.0,95.0,0.0
C0FA70,2025-07-16T07:00:00,16.4,97.0,0.0
C0FA70,2025-07-16T08:00:00,18.2,95.0,0.0
C0FA70,2025-07-16T09:00:00,18.9,94.0,0.0
C0FA70,2025-07-16T10:00:00,19.3,91.0,0.0
C0FA70,2025-07-16T11:00:00,18.3,90.0,0.0
C0FA70,2025-07-16T12:00:00,18.1,93.0,0.0
C0FA70,2025-07-16T13:00:00,18.4,92.0,0.0
C0FA70,2025-07-16T14:00:00,17.6,97.0,5.0
C0FA70,2025-07-16T15:00:00,17.8,97.0,0.0
C0FA70,2025-07-16T16:00:00,17.7,97.0,0.0
C0FA70,2025-07-16T17:00:00,17.9,96.0,0.0
C0FA70,2025-07-16T18:00:00,17.4,98.0,0.0
C0FA70,2025-07-16T19:00:00,17.2,98.0,0.0
C0FA70,2025-07-16T20:00:00,16.7,95.0,0.0
C0FA70,2025-07-16T21:00:00,16.3,95.0,0.0
C0FA70,2025-07-16T22:00:00,16.1,96.0,0.0
C0FA70,2025-07-16T23:00:00,15.6,94.0,0.0
C0FA70,2025-07-16T23:59:00,16.0,94.0,0.0
C0FA70,2025-07-17T01:00:00,15.7,95.0,0.0
C0FA70,2025-07-17T02:00:00,15.7,95.0,0.0
C0FA70,2025-07-17T03:00:00,15.4,97.0,0.0
C0FA70,2025-07-17T04:00:00,15.0,95.0,0.0
C0FA70,2025-07-17T05:00:00,15.2,96.0,0.0
C0FA70,2025-07-17T06:00:00,16.0,92.0,0.0
C0FA70,2025-07-17T07:00:00,18.5,89.0,0.0
C0FA70,2025-07-17T08:00:00,20.7,73.0,0.0
C0FA70,2025-07-17T09:00:00,20.5,80.0,0.0
C0FA70,2025-07-17T10:00:00,21.3,85.0,0.0
C0FA70,2025-07-17T11:00:00,21.6,88.0,0.0
C0FA70,2025-07-17T12:00:00,19.3,92.0,0.0
C0FA70,2025-07-17T13:00:00,19.0,94.0,0.0
C0FA70,2025-07-17T14:00:00,19.0,93.0,0.0
C0FA70,2025-07-17T15:00:00,19.3,92.0,0.0
C0FA70,2025-07-17T16:00:00,19.2,93.0,0.0
C0FA70,2025-07-17T17:00:00,18.8,94.0,0.0
C0FA70,2025-07-17T18:00:00,18.2,95.0,0.0
C0FA70,2025-07-17T19:00:00,17.6,93.0,2.0
C0FA70,2025-07-17T20:00:00,17.0,96.0,1.0
C0FA70,2025-07-17T21:00:00,17.6,97.0,0.0
C0FA70,2025-07-17T22:00:00,17.3,97.0,0.0
C0FA70,2025-07-17T23:00:00,17.1,97.0,0.0
C0FA70,2025-07-17T23:59:00,16.4,97.0,0.0
C0FA70,2025-07-18T01:00:00,15.3,95.0,0.0
C0FA70,2025-07-18T02:00:00,15.0,96.0,0.0
C0FA70,2025-07-18T03:00:00,16.4,94.0,0.0
C0FA70,2025-07-18T04:00:00,15.2,94.0,0.0
C0FA70,2025-07-18T05:00:00,14.5,95.0,0.0
C0FA70,2025-07-18T06:00:00,14.9,91.0,0.0
C0FA70,2025-07-18T07:00:00,17.9,90.0,0.0
C0FA70,2025-07-18T08:00:00,18.9,72.0,0.0
C0FA70,2025-07-18T09:00:00,19.4,73.0,0.0
C0FA70,2025-07-18T10:00:00,20.4,72.0,0.0
C0FA70,2025-07-18T11:00:00,21.4,70.0,0.0
C0FA70,2025-07-18T12:00:00,22.1,69.0,0.0
C0FA70,2025-07-18T13:00:00,21.7,73.0,0.0
C0FA70,2025-07-18T14:00:00,20.5,86.0,0.0
C0FA70,2025-07-18T15:00:00,20.3,83.0,0.0
C0FA70,2025-07-18T16:00:00,19.5,87.0,0.0
C0FA70,2025-07-18T17:00:00,19.0,87.0,0.0
C0FA70,2025-07-18T18:00:00,18.2,90.0,0.0
C0FA70,2025-07-18T19:00:00,18.3,83.0,0.0
C0FA70,2025-07-18T20:00:00,16.4,95.0,0.5
C0FA70,2025-07-18T21:00:00,16.6,95.0,0.5
C0FA70,2025-07-18T22:00:00,17.3,89.0,0.0
C0FA70,2025-07-18T23:00:00,17.6,88.0,0.0
C0FA70,2025-07-18T23:59:00,16.1,92.0,1.5
C0FA70,2025-07-19T01:00:00,16.7,95.0,0.0
C0FA70,2025-07-19T02:00:00,17.0,93.0,0.0
C0FA70,2025-07-19T03:00:00,15.9,94.0,2.0
C0FA70,2025-07-19T04:00:00,15.9,95.0,2.5
C0FA70,2025-07-19T05:00:00,15.8,94.0,0.5
C0FA70,2025-07-19T06:00:00,15.9,95.0,2.0
C0FA70,2025-07-19T07:00:00,16.7,91.0,0.0
C0FA70,2025-07-19T08:00:00,17.3,92.0,0.0
C0FA70,2025-07-19T09:00:00,17.3,94.0,0.0
C0FA70,2025-07-19T10:00:00,17.9,90.0,0.0
C0FA70,2025-07-19T11:00:00,18.7,88.0,0.0
C0FA70,2025-07-19T12:00:00,18.6,86.0,0.0
C0FA70,2025-07-19T13:00:00,19.0,85.0,0.0
C0FA70,2025-07-19T14:00:00,20.3,77.0,0.0
C0FA70,2025-07-19T15:00:00,19.2,81.0,0.0
C0FA70,2025-07-19T16:00:00,20.2,75.0,0.0
C0FA70,2025-07-19T17:00:00,19.2,82.0,0.0
C0FA70,2025-07-19T18:00:00,17.9,85.0,0.0
C0FA70,2025-07-19T19:00:00,17.5,88.0,0.0
C0FA70,2025-07-19T20:00:00,17.6,87.0,0.0
C0FA70,2025-07-19T21:00:00,17.4,88.0,0.0
C0FA70,2025-07-19T22:00:00,16.7,95.0,0.0
C0FA70,2025-07-19T23:00:00,17.6,89.0,0.0
C0FA70,2025-07-19T23:59:00,16.9,94.0,0.5
C0FA70,2025-07-20T01:00:00,16.3,95.0,0.5
C0FA70,2025-07-20T02:00:00,16.8,91.0,0.0
C0FA70,2025-07-20T03:00:00,16.9,94.0,0.0
C0FA70,2025-07-20T04:00:00,16.9,94.0,0.0
C0FA70,2025-07-20T05:00:00,16.4,91.0,0.0
C0FA70,2025-07-20T06:00:00,16.8,90.0,0.0
C0FA70,2025-07-20T07:00:00,17.6,90.0,0.0
C0FA70,2025-07-20T08:00:00,18.8,88.0,0.0
C0FA70,2025-07-20T09:00:00,17.3,92.0,0.5
C0FA70,2025-07-20T10:00:00,19.3,92.0,1.0
C0FA70,2025-07-20T11:00:00,18.5,94.0,0.0
C0FA70,2025-07-20T12:00:00,19.5,91.0,0.5
C0FA70,2025-07-20T13:00:00,19.4,91.0,0.0
C0FA70,2025-07-20T14:00:00,19.0,95.0,0.0
C0FA70,2025-07-20T15:00:00,18.9,94.0,0.0
C0FA70,2025-07-20T16:00:00,19.2,94.0,0.0
C0FA70,2025-07-20T17:00:00,18.3,92.0,0.0
C0FA70,2025-07-20T18:00:00,17.8,95.0,0.0
C0FA70,2025-07-20T19:00:00,17.6,96.0,0.0
C0FA70,2025-07-20T20:00:00,17.5,97.0,0.5
C0FA70,2025-07-20T21:00:00,16.8,97.0,18.0
C0FA70,2025-07-20T22:00:00,16.3,98.0,10.0
C0FA70,2025-07-20T23:00:00,16.2,97.0,3.0
C0FA70,2025-07-20T23:59:00,15.8,98.0,0.0
C0FA70,2025-07-21T01:00:00,16.2,98.0,0.0
C0FA70,2025-07-21T02:00:00,15.9,98.0,0.0
C0FA70,2025-07-21T03:00:00,15.9,98.0,0.0
C0FA70,2025-07-21T04:00:00,15.5,98.0,0.0
C0FA70,2025-07-21T05:00:00,15.2,97.0,0.0
C0FA70,2025-07-21T06:00:00,15.3,97.0,0.0
C0FA70,2025-07-21T07:00:00,15.4,97.0,0.5
C0FA70,2025-07-21T08:00:00,16.1,93.0,0.5
C0FA70,2025-07-21T09:00:00,16.4,92.0,1.0
C0FA70,2025-07-21T10:00:00,16.8,91.0,0.5
C0FA70,2025-07-21T11:00:00,18.3,92.0,0.0
C0FA70,2025-07-21T12:00:00,18.8,94.0,0.0
C0FA70,2025-07-21T13:00:00,18.1,92.0,0.0
C0FA70,2025-07-21T14:00:00,18.7,91.0,0.0
C0FA70,2025-07-21T15:00:00,17.8,92.0,0.0
C0FA70,2025-07-21T16:00:00,17.3,92.0,0.0
C0FA70,2025-07-21T17:00:00,17.0,95.0,4.0
C0FA70,2025-07-21T18:00:00,16.5,95.0,3.5
C0FA70,2025-07-21T19:00:00,15.1,97.0,26.0
C0FA70,2025-07-21T20:00:00,15.1,96.0,4.5
C0FA70,2025-07-21T21:00:00,15.6,98.0,0.5
C0FA70,2025-07-21T22:00:00,15.2,97.0,0.0
C0FA70,2025-07-21T23:00:00,15.3,96.0,0.0
C0FA70,2025-07-21T23:59:00,15.1,95.0,0.0
C0FA70,2025-07-22T01:00:00,14.9,97.0,0.0
C0FA70,2025-07-22T02:00:00,14.8,96.0,0.0
C0FA70,2025-07-22T03:00:00,15.1,95.0,0.0
C0FA70,2025-07-22T04:00:00,14.8,95.0,0.0
C0FA70,2025-07-22T05:00:00,14.6,96.0,0.0
C0FA70,2025-07-22T06:00:00,15.6,91.0,0.0
C0FA70,2025-07-22T07:00:00,16.5,93.0,0.0
C0FA70,2025-07-22T08:00:00,17.7,89.0,0.0
C0FA70,2025-07-22T09:00:00,18.2,85.0,0.0
C0FA70,2025-07-22T10:00:00,18.7,83.0,0.0
C0FA70,2025-07-22T11:00:00,19.2,84.0,0.0
C0FA70,2025-07-22T12:00:00,19.0,86.0,0.0
C0FA70,2025-07-22T13:00:00,19.2,81.0,0.0
C0FA70,2025-07-22T14:00:00,18.9,83.0,0.0
C0FA70,2025-07-22T15:00:00,18.9,85.0,0.0
C0FA70,2025-07-22T16:00:00,19.1,83.0,0.0
C0FA70,2025-07-22T17:00:00,18.2,86.0,0.0
C0FA70,2025-07-22T18:00:00,17.0,88.0,0.0
C0FA70,2025-07-22T19:00:00,16.6,89.0,0.0
C0FA70,2025-07-22T20:00:00,16.3,88.0,0.0
C0FA70,2025-07-22T21:00:00,15.8,89.0,0.0
C0FA70,2025-07-22T22:00:00,16.2,88.0,0.0
C0FA70,2025-07-22T23:00:00,16.1,90.0,0.0
C0FA70,2025-07-22T23:59:00,16.1,88.0,0.0
C0FA70,2025-07-23T01:00:00,,,0.0
C0FA70,2025-07-23T02:00:00,15.9,86.0,0.0
C0FA70,2025-07-23T03:00:00,16.1,83.0,0.0
C0FA70,2025-07-23T04:00:00,15.7,86.0,0.0
C0FA70,2025-07-23T05:00:00,14.9,89.0,0.0
C0FA70,2025-07-23T06:00:00,15.8,85.0,0.0
C0FA70,2025-07-23T07:00:00,17.6,79.0,0.0
C0FA70,2025-07-23T08:00:00,19.1,72.0,0.0
C0FA70,2025-07-23T09:00:00,19.1,72.0,0.0
C0FA70,2025-07-23T10:00:00,19.9,71.0,0.0
C0FA70,2025-07-23T11:00:00,20.8,67.0,0.0
C0FA70,2025-07-23T12:00:00,21.7,60.0,0.0
C0FA70,2025-07-23T13:00:00,21.6,57.0,0.0
C0FA70,2025-07-23T14:00:00,21.7,63.0,0.0
C0FA70,2025-07-23T15:00:00,21.0,67.0,0.0
C0FA70,2025-07-23T16:00:00,20.1,72.0,0.0
C0FA70,2025-07-23T17:00:00,19.4,76.0,0.0
C0FA70,2025-07-23T18:00:00,18.6,79.0,0.0
C0FA70,2025-07-23T19:00:00,17.0,87.0,0.0
C0FA70,2025-07-23T20:00:00,16.4,87.0,0.0
C0FA70,2025-07-23T21:00:00,16.7,79.0,0.0
C0FA70,2025-07-23T22:00:00,16.9,76.0,0.0
C0FA70,2025-07-23T23:00:00,17.1,77.0,0.0
C0FA70,2025-07-23T23:59:00,16.5,84.0,0.0
C0FA70,2025-07-24T01:00:00,16.1,86.0,0.0
C0FA70,2025-07-24T02:00:00,16.1,87.0,0.0
C0FA70,2025-07-24T03:00:00,15.2,87.0,0.0
C0FA70,2025-07-24T04:00:00,15.7,83.0,0.0
C0FA70,2025-07-24T05:00:00,15.4,87.0,0.0
C0FA70,2025-07-24T06:00:00,14.7,91.0,0.0
C0FA70,2025-07-24T07:00:00,18.1,79.0,0.0
C0FA70,2025-07-24T08:00:00,19.2,70.0,0.0
C0FA70,2025-07-24T09:00:00,19.2,74.0,0.0
C0FA70,2025-07-24T10:00:00,20.3,70.0,0.0
C0FA70,2025-07-24T11:00:00,20.8,68.0,0.0
C0FA70,2025-07-24T12:00:00,20.8,67.0,0.0
C0FA70,2025-07-24T13:00:00,21.0,64.0,0.0
C0FA70,2025-07-24T14:00:00,19.9,72.0,0.0
C0FA70,2025-07-24T15:00:00,19.1,81.0,0.0
C0FA70,2025-07-24T16:00:00,18.9,81.0,0.0
C0FA70,2025-07-24T17:00:00,19.0,84.0,0.0
C0FA70,2025-07-24T18:00:00,17.2,92.0,0.0
C0FA70,2025-07-24T19:00:00,16.4,92.0,0.0
C0FA70,2025-07-24T20:00:00,17.5,90.0,0.0
C0FA70,2025-07-24T21:00:00,16.5,94.0,0.0
C0FA70,2025-07-24T22:00:00,16.6,93.0,0.0
C0FA70,2025-07-24T23:00:00,15.8,95.0,0.0
C0FA70,2025-07-24T23:59:00,15.8,94.0,0.0
C0FA70,2025-07-25T01:00:00,15.5,90.0,0.0
C0FA70,2025-07-25T02:00:00,15.5,91.0,0.0
C0FA70,2025-07-25T03:00:00,15.2,92.0,0.0
C0FA70,2025-07-25T04:00:00,15.1,92.0,0.0
C0FA70,2025-07-25T05:00:00,14.4,94.0,0.0
C0FA70,2025-07-25T06:00:00,15.0,94.0,0.0
C0FA70,2025-07-25T07:00:00,17.0,94.0,0.0
C0FA70,2025-07-25T08:00:00,18.3,90.0,0.0
C0FA70,2025-07-25T09:00:00,19.6,83.0,0.0
C0FA70,2025-07-25T10:00:00,21.5,78.0,0.0
C0FA70,2025-07-25T11:00:00,21.5,80.0,0.0
C0FA70,2025-07-25T12:00:00,18.3,91.0,1.0
C0FA70,2025-07-25T13:00:00,19.7,94.0,0.0
C0FA70,2025-07-25T14:00:00,19.3,91.0,0.0
C0FA70,2025-07-25T15:00:00,18.6,96.0,11.0
C0FA70,2025-07-25T16:00:00,18.2,95.0,15.0
C0FA70,2025-07-25T17:00:00,18.4,95.0,7.0
C0FA70,2025-07-25T18:00:00,18.4,96.0,0.5
C0FA70,2025-07-25T19:00:00,18.3,95.0,0.5
C0FA70,2025-07-25T20:00:00,18.0,96.0,1.0
C0FA70,2025-07-25T21:00:00,17.6,93.0,0.5
C0FA70,2025-07-25T22:00:00,17.3,91.0,0.0
C0FA70,2025-07-25T23:00:00,17.4,94.0,0.0
C0FA70,2025-07-25T23:59:00,17.1,96.0,0.0
C0FA70,2025-07-26T01:00:00,17.0,97.0,0.5
C0FA70,2025-07-26T02:00:00,17.4,97.0,0.5
C0FA70,2025-07-26T03:00:00,17.2,97.0,3.0
C0FA70,2025-07-26T04:00:00,17.1,97.0,2.0
C0FA70,2025-07-26T05:00:00,17.2,97.0,1.0
C0FA70,2025-07-26T06:00:00,17.0,98.0,2.5
C0FA70,2025-07-26T07:00:00,17.4,97.0,2.0
C0FA70,2025-07-26T08:00:00,17.4,97.0,5.5
C0FA70,2025-07-26T09:00:00,16.8,98.0,6.0
C0FA70,2025-07-26T10:00:00,16.8,98.0,5.5
C0FA70,2025-07-26T11:00:00,17.0,98.0,3.5
C0FA70,2025-07-26T12:00:00,16.9,97.0,1.5
C0FA70,2025-07-26T13:00:00,16.7,98.0,1.0
C0FA70,2025-07-26T14:00:00,17.0,98.0,0.0
C0FA70,2025-07-26T15:00:00,17.3,98.0,0.0
C0FA70,2025-07-26T16:00:00,,,0.0
C0FA70,2025-07-26T17:00:00,,,
C0FA70,2025-07-26T18:00:00,,,
C0FA70,2025-07-26T19:00:00,,,
C0FA70,2025-07-26T20:00:00,,,
C0FA70,2025-07-26T21:00:00,,,
C0FA70,2025-07-26T22:00:00,,,
C0FA70,2025-07-26T23:00:00,16.3,98.0,0.0
C0FA70,2025-07-26T23:59:00,16.1,99.0,0.0
C0FA70,2025-07-27T01:00:00,16.1,99.0,0.5
C0FA70,2025-07-27T02:00:00,15.9,99.0,0.0
C0FA70,2025-07-27T03:00:00,15.7,99.0,0.0
C0FA70,2025-07-27T04:00:00,15.8,99.0,0.0
C0FA70,2025-07-27T05:00:00,15.6,99.0,0.0
C0FA70,2025-07-27T06:00:00,15.4,99.0,0.0
C0FA70,2025-07-27T07:00:00,15.7,99.0,2.0
C0FA70,2025-07-27T08:00:00,16.0,99.0,0.5
C0FA70,2025-07-27T09:00:00,16.2,99.0,1.0
C0FA70,2025-07-27T10:00:00,15.9,99.0,0.0
C0FA70,2025-07-27T11:00:00,15.4,99.0,0.0
C0FA70,2025-07-27T12:00:00,14.9,99.0,0.0
C0FA70,2025-07-27T13:00:00,15.7,99.0,0.0
C0FA70,2025-07-27T14:00:00,16.1,98.0,0.0
C0FA70,2025-07-27T15:00:00,16.3,99.0,0.0
C0FA70,2025-07-27T16:00:00,15.5,99.0,0.0
C0FA70,2025-07-27T17:00:00,15.1,98.0,0.0
C0FA70,2025-07-27T18:00:00,16.0,98.0,0.0
C0FA70,2025-07-27T19:00:00,16.0,99.0,0.0
C0FA70,2025-07-27T20:00:00,15.8,99.0,0.0
C0FA70,2025-07-27T21:00:00,15.6,99.0,1.0
C0FA70,2025-07-27T22:00:00,16.0,99.0,3.0
C0FA70,2025-07-27T23:00:00,16.2,99.0,6.0
C0FA70,2025-07-27T23:59:00,16.3,99.0,6.5
C0FA70,2025-07-28T01:00:00,16.4,99.0,11.0
C0FA70,2025-07-28T02:00:00,16.5,99.0,16.0
C0FA70,2025-07-28T03:00:00,16.3,99.0,7.5
C0FA70,2025-07-28T04:00:00,15.5,99.0,4.5
C0FA70,2025-07-28T05:00:00,15.2,99.0,0.0
C0FA70,2025-07-28T06:00:00,15.7,99.0,0.0
C0FA70,2025-07-28T07:00:00,16.1,99.0,0.5
C0FA70,2025-07-28T08:00:00,16.3,99.0,0.0
C0FA70,2025-07-28T09:00:00,16.5,99.0,0.0
C0FA70,2025-07-28T10:00:00,16.9,98.0,0.0
C0FA70,2025-07-28T11:00:00,17.4,98.0,0.0
C0FA70,2025-07-28T12:00:00,17.2,97.0,0.0
C0FA70,2025-07-28T13:00:00,17.3,99.0,1.5
C0FA70,2025-07-28T14:00:00,17.3,98.0,0.0
C0FA70,2025-07-28T15:00:00,16.9,99.0,5.0
C0FA70,2025-07-28T16:00:00,17.5,99.0,1.0
C0FA70,2025-07-28T17:00:00,17.2,99.0,23.0
C0FA70,2025-07-28T18:00:00,16.7,99.0,18.5
C0FA70,2025-07-28T19:00:00,15.8,99.0,7.5
C0FA70,2025-07-28T20:00:00,15.5,99.0,4.0
C0FA70,2025-07-28T21:00:00,15.9,99.0,2.0
C0FA70,2025-07-28T22:00:00,16.0,99.0,0.5
C0FA70,2025-07-28T23:00:00,15.5,98.0,0.0
C0FA70,2025-07-28T23:59:00,15.4,98.0,0.0
C0FA70,2025-07-29T01:00:00,15.3,98.0,0.0
C0FA70,2025-07-29T02:00:00,15.7,99.0,0.0
C0FA70,2025-07-29T03:00:00,15.8,99.0,0.0
C0FA70,2025-07-29T04:00:00,15.7,99.0,0.0
C0FA70,2025-07-29T05:00:00,15.6,99.0,0.0
C0FA70,2025-07-29T06:00:00,15.5,99.0,0.0
C0FA70,2025-07-29T07:00:00,15.6,99.0,0.0
C0FA70,2025-07-29T08:00:00,16.4,98.0,0.0
C0FA70,2025-07-29T09:00:00,16.4,98.0,0.0
C0FA70,2025-07-29T10:00:00,16.7,98.0,1.0
C0FA70,2025-07-29T11:00:00,17.0,99.0,9.5
C0FA70,2025-07-29T12:00:00,17.8,98.0,2.0
C0FA70,2025-07-29T13:00:00,17.6,98.0,0.0
C0FA70,2025-07-29T14:00:00,17.7,97.0,0.5
C0FA70,2025-07-29T15:00:00,17.7,98.0,1.5
C0FA70,2025-07-29T16:00:00,17.4,98.0,9.5
C0FA70,2025-07-29T17:00:00,17.3,98.0,9.5
C0FA70,2025-07-29T18:00:00,16.7,98.0,11.0
C0FA70,2025-07-29T19:00:00,16.8,99.0,0.5
C0FA70,2025-07-29T20:00:00,16.7,99.0,4.5
C0FA70,2025-07-29T21:00:00,16.0,99.0,5.0
C0FA70,2025-07-29T22:00:00,15.9,99.0,1.5
C0FA70,2025-07-29T23:00:00,16.3,99.0,2.0
C0FA70,2025-07-29T23:59:00,16.5,99.0,0.5
C0FA70,2025-07-30T01:00:00,16.5,99.0,0.5
C0FA70,2025-07-30T02:00:00,16.0,99.0,0.5
C0FA70,2025-07-30T03:00:00,16.5,99.0,0.5
C0FA70,2025-07-30T04:00:00,16.4,99.0,1.0
C0FA70,2025-07-30T05:00:00,16.2,99.0,5.0
C0FA70,2025-07-30T06:00:00,16.5,99.0,1.0
C0FA70,2025-07-30T07:00:00,16.7,99.0,0.5
C0FA70,2025-07-30T08:00:00,16.5,99.0,16.0
C0FA70,2025-07-30T09:00:00,16.8,98.0,1.0
C0FA70,2025-07-30T10:00:00,16.5,99.0,14.0
C0FA70,2025-07-30T11:00:00,16.3,99.0,0.0
C0FA70,2025-07-30T12:00:00,17.0,99.0,0.0
C0FA70,2025-07-30T13:00:00,16.9,99.0,0.0
C0FA70,2025-07-30T14:00:00,17.1,99.0,0.0
C0FA70,2025-07-30T15:00:00,17.0,99.0,0.0
C0FA70,2025-07-30T16:00:00,17.1,99.0,0.0
C0FA70,2025-07-30T17:00:00,17.2,98.0,0.0
C0FA70,2025-07-30T18:00:00,17.1,98.0,0.0
C0FA70,2025-07-30T19:00:00,17.2,99.0,1.0
C0FA70,2025-07-30T20:00:00,17.2,99.0,0.5
C0FA70,2025-07-30T21:00:00,17.0,99.0,0.0
C0FA70,2025-07-30T22:00:00,17.1,99.0,1.0
C0FA70,2025-07-30T23:00:00,17.1,99.0,0.0
C0FA70,2025-07-30T23:59:00,16.6,99.0,3.5
C0FA70,2025-07-31T01:00:00,16.1,99.0,0.0
C0FA70,2025-07-31T02:00:00,15.9,99.0,0.5
C0FA70,2025-07-31T03:00:00,16.5,99.0,2.0
C0FA70,2025-07-31T04:00:00,16.2,99.0,0.0
C0FA70,2025-07-31T05:00:00,16.5,98.0,3.0
C0FA70,2025-07-31T06:00:00,15.3,97.0,5.0
C0FA70,2025-07-31T07:00:00,16.1,93.0,21.0
C0FA70,2025-07-31T08:00:00,,,17.0
C0FA70,2025-07-31T09:00:00,,,
C0FA70,2025-07-31T10:00:00,,,
C0FA70,2025-07-31T11:00:00,,,
C0FA70,2025-07-31T12:00:00,,,
C0FA70,2025-07-31T13:00:00,,,
C0FA70,2025-07-31T14:00:00,,,
C0FA70,2025-07-31T15:00:00,,,
C0FA70,2025-07-31T16:00:00,,,
C0FA70,2025-07-31T17:00:00,,,
C0FA70,2025-07-31T18:00:00,,,
C0FA70,2025-07-31T19:00:00,,,
C0FA70,2025-07-31T20:00:00,,,
C0FA70,2025-07-31T21:00:00,,,
C0FA70,2025-07-31T22:00:00,,,
C0FA70,2025-07-31T23:00:00,,,
C0FA70,2025-07-31T23:59:00,,,
C0FA70,2025-08-01T01:00:00,,,
C0FA70,2025-08-01T02:00:00,,,
C0FA70,2025-08-01T03:00:00,,,
C0FA70,2025-08-01T04:00:00,,,
C0FA70,2025-08-01T05:00:00,,,
C0FA70,2025-08-01T06:00:00,,,
C0FA70,2025-08-01T07:00:00,,,
C0FA70,2025-08-01T08:00:00,,,
C0FA70,2025-08-01T09:00:00,,,
C0FA70,2025-08-01T10:00:00,,,
C0FA70,2025-08-01T11:00:00,,,
C0FA70,2025-08-01T12:00:00,,,
C0FA70,2025-08-01T13:00:00,,,
C0FA70,2025-08-01T14:00:00,18.1,97.0,49.0
C0FA70,2025-08-01T15:00:00,18.0,98.0,1.0
C0FA70,2025-08-01T16:00:00,17.0,99.0,0.0
C0FA70,2025-08-01T17:00:00,17.2,99.0,0.0
C0FA70,2025-08-01T18:00:00,17.1,99.0,8.5
C0FA70,2025-08-01T19:00:00,16.7,99.0,0.0
C0FA70,2025-08-01T20:00:00,16.6,99.0,0.0
C0FA70,2025-08-01T21:00:00,16.7,99.0,0.0
C0FA70,2025-08-01T22:00:00,16.7,99.0,0.0
C0FA70,2025-08-01T23:00:00,16.7,99.0,0.0
C0FA70,2025-08-01T23:59:00,16.8,99.0,1.5
C0FA70,2025-08-02T01:00:00,16.4,99.0,0.0
C0FA70,2025-08-02T02:00:00,16.5,99.0,2.5
C0FA70,2025-08-02T03:00:00,16.7,99.0,4.0
C0FA70,2025-08-02T04:00:00,16.6,99.0,2.0
C0FA70,2025-08-02T05:00:00,16.6,99.0,1.0
C0FA70,2025-08-02T06:00:00,16.3,99.0,0.0
C0FA70,2025-08-02T07:00:00,16.8,99.0,1.5
C0FA70,2025-08-02T08:00:00,16.5,99.0,5.0
C0FA70,2025-08-02T09:00:00,16.6,99.0,6.5
C0FA70,2025-08-02T10:00:00,17.0,99.0,7.5
C0FA70,2025-08-02T11:00:00,17.2,98.0,3.0
C0FA70,2025-08-02T12:00:00,16.5,99.0,15.5
C0FA70,2025-08-02T13:00:00,16.6,99.0,11.0
C0FA70,2025-08-02T14:00:00,16.7,99.0,8.0
C0FA70,2025-08-02T15:00:00,16.5,99.0,6.0
C0FA70,2025-08-02T16:00:00,16.2,99.0,1.5
C0FA70,2025-08-02T17:00:00,16.2,99.0,5.0
C0FA70,2025-08-02T18:00:00,15.9,99.0,2.5
C0FA70,2025-08-02T19:00:00,16.1,99.0,3.0
C0FA70,2025-08-02T20:00:00,16.0,99.0,2.5
C0FA70,2025-08-02T21:00:00,15.9,99.0,3.5
C0FA70,2025-08-02T22:00:00,15.9,99.0,1.0
C0FA70,2025-08-02T23:00:00,15.8,99.0,1.0
C0FA70,2025-08-02T23:59:00,15.9,99.0,7.5
C0FA70,2025-08-03T01:00:00,15.8,99.0,2.5
C0FA70,2025-08-03T02:00:00,16.0,99.0,1.0
C0FA70,2025-08-03T03:00:00,16.3,99.0,1.0
C0FA70,2025-08-03T04:00:00,16.4,99.0,1.0
C0FA70,2025-08-03T05:00:00,16.4,99.0,19.5
C0FA70,2025-08-03T06:00:00,16.4,99.0,9.0
C0FA70,2025-08-03T07:00:00,16.3,99.0,5.5
C0FA70,2025-08-03T08:00:00,16.3,99.0,2.0
C0FA70,2025-08-03T09:00:00,16.4,99.0,7.0
C0FA70,2025-08-03T10:00:00,16.3,99.0,10.0
C0FA70,2025-08-03T11:00:00,,,10.5
C0FA70,2025-08-03T12:00:00,,,
C0FA70,2025-08-03T13:00:00,,,
C0FA70,2025-08-03T14:00:00,,,
C0FA70,2025-08-03T15:00:00,,,
C0FA70,2025-08-03T16:00:00,,,
C0FA70,2025-08-03T17:00:00,,,
C0FA70,2025-08-03T18:00:00,,,
C0FA70,2025-08-03T19:00:00,,,
C0FA70,2025-08-03T20:00:00,,,
C0FA70,2025-08-03T21:00:00,,,
C0FA70,2025-08-03T22:00:00,,,
C0FA70,2025-08-03T23:00:00,,,
C0FA70,2025-08-03T23:59:00,,,
C0FA70,2025-08-04T01:00:00,,,
C0FA70,2025-08-04T02:00:00,,,
C0FA70,2025-08-04T03:00:00,,,
C0FA70,2025-08-04T04:00:00,,,
C0FA70,2025-08-04T05:00:00,,,
C0FA70,2025-08-04T06:00:00,,,
C0FA70,2025-08-04T07:00:00,,,
C0FA70,2025-08-04T08:00:00,,,
C0FA70,2025-08-04T09:00:00,,,
C0FA70,2025-08-04T10:00:00,,,
C0FA70,2025-08-04T11:00:00,,,
C0FA70,2025-08-04T12:00:00,,,
C0FA70,2025-08-04T13:00:00,,,
C0FA70,2025-08-04T14:00:00,,,
C0FA70,2025-08-04T15:00:00,,,
C0FA70,2025-08-04T16:00:00,,,
C0FA70,2025-08-04T17:00:00,,,
C0FA70,2025-08-04T18:00:00,,,
C0FA70,2025-08-04T19:00:00,,,
C0FA70,2025-08-04T20:00:00,,,
C0FA70,2025-08-04T21:00:00,,,
C0FA70,2025-08-04T22:00:00,,,
C0FA70,2025-08-04T23:00:00,,,
C0FA70,2025-08-04T23:59:00,,,
C0FA70,2025-08-05T01:00:00,,,
C0FA70,2025-08-05T02:00:00,,,
C0FA70,2025-08-05T03:00:00,,,
C0FA70,2025-08-05T04:00:00,,,
C0FA70,2025-08-05T05:00:00,,,
C0FA70,2025-08-05T06:00:00,,,
C0FA70,2025-08-05T07:00:00,,,
C0FA70,2025-08-05T08:00:00,,,
C0FA70,2025-08-05T09:00:00,,,
C0FA70,2025-08-05T10:00:00,,,
C0FA70,2025-08-05T11:00:00,,,
C0FA70,2025-08-05T12:00:00,,,
C0FA70,2025-08-05T13:00:00,,,
C0FA70,2025-08-05T14:00:00,,,
C0FA70,2025-08-05T15:00:00,,,
C0FA70,2025-08-05T16:00:00,,,
C0FA70,2025-08-05T17:00:00,,,
C0FA70,2025-08-05T18:00:00,,,
C0FA70,2025-08-05T19:00:00,,,
C0FA70,2025-08-05T20:00:00,,,
C0FA70,2025-08-05T21:00:00,,,
C0FA70,2025-08-05T22:00:00,,,
C0FA70,2025-08-05T23:00:00,,,
C0FA70,2025-08-05T23:59:00,,,
C0FA70,2025-08-06T01:00:00,,,
C0FA70,2025-08-06T02:00:00,,,
C0FA70,2025-08-06T03:00:00,,,
C0FA70,2025-08-06T04:00:00,,,
C0FA70,2025-08-06T05:00:00,,,
C0FA70,2025-08-06T06:00:00,,,
C0FA70,2025-08-06T07:00:00,,,
C0FA70,2025-08-06T08:00:00,,,
C0FA70,2025-08-06T09:00:00,,,
C0FA70,2025-08-06T10:00:00,,,
C0FA70,2025-08-06T11:00:00,,,
C0FA70,2025-08-06T12:00:00,,,
C0FA70,2025-08-06T13:00:00,,,
C0FA70,2025-08-06T14:00:00,,,
C0FA70,2025-08-06T15:00:00,,,
C0FA70,2025-08-06T16:00:00,,,
C0FA70,2025-08-06T17:00:00,,,
C0FA70,2025-08-06T18:00:00,,,
C0FA70,2025-08-06T19:00:00,,,
C0FA70,2025-08-06T20:00:00,,,
C0FA70,2025-08-06T21:00:00,,,
C0FA70,2025-08-06T22:00:00,,,
C0FA70,2025-08-06T23:00:00,,,
C0FA70,2025-08-06T23:59:00,,,
C0FA70,2025-08-07T01:00:00,,,
C0FA70,2025-08-07T02:00:00,,,
C0FA70,2025-08-07T03:00:00,,,
C0FA70,2025-08-07T04:00:00,,,
C0FA70,2025-08-07T05:00:00,,,
C0FA70,2025-08-07T06:00:00,,,
C0FA70,2025-08-07T07:00:00,,,
C0FA70,2025-08-07T08:00:00,,,
C0FA70,2025-08-07T09:00:00,,,
C0FA70,2025-08-07T10:00:00,,,
C0FA70,2025-08-07T11:00:00,,,
C0FA70,2025-08-07T12:00:00,,,
C0FA70,2025-08-07T13:00:00,,,
C0FA70,2025-08-07T14:00:00,,,
C0FA70,2025-08-07T15:00:00,,,
C0FA70,2025-08-07T16:00:00,,,
C0FA70,2025-08-07T17:00:00,,,
C0FA70,2025-08-07T18:00:00,,,
C0FA70,2025-08-07T19:00:00,,,
C0FA70,2025-08-07T20:00:00,,,
C0FA70,2025-08-07T21:00:00,,,
C0FA70,2025-08-07T22:00:00,,,
C0FA70,2025-08-07T23:00:00,,,
C0FA70,2025-08-07T23:59:00,,,
C0FA70,2025-08-08T01:00:00,,,
C0FA70,2025-08-08T02:00:00,,,
C0FA70,2025-08-08T03:00:00,,,
C0FA70,2025-08-08T04:00:00,,,
C0FA70,2025-08-08T05:00:00,,,
C0FA70,2025-08-08T06:00:00,,,
C0FA70,2025-08-08T07:00:00,,,
C0FA70,2025-08-08T08:00:00,,,
C0FA70,2025-08-08T09:00:00,,,
C0FA70,2025-08-08T10:00:00,,,
C0FA70,2025-08-08T11:00:00,,,
C0FA70,2025-08-08T12:00:00,,,
C0FA70,2025-08-08T13:00:00,,,
C0FA70,2025-08-08T14:00:00,,,
C0FA70,2025-08-08T15:00:00,,,
C0FA70,2025-08-08T16:00:00,,,
C0FA70,2025-08-08T17:00:00,,,
C0FA70,2025-08-08T18:00:00,,,
C0FA70,2025-08-08T19:00:00,,,
C0FA70,2025-08-08T20:00:00,,,
C0FA70,2025-08-08T21:00:00,,,
C0FA70,2025-08-08T22:00:00,,,
C0FA70,2025-08-08T23:00:00,,,
C0FA70,2025-08-08T23:59:00,,,
C0FA70,2025-08-09T01:00:00,,,
C0FA70,2025-08-09T02:00:00,,,
C0FA70,2025-08-09T03:00:00,,,
C0FA70,2025-08-09T04:00:00,,,
C0FA70,2025-08-09T05:00:00,,,
C0FA70,2025-08-09T06:00:00,,,
C0FA70,2025-08-09T07:00:00,,,
C0FA70,2025-08-09T08:00:00,,,
C0FA70,2025-08-09T09:00:00,20.4,71.0,3.5
C0FA70,2025-08-09T10:00:00,20.4,75.0,0.0
C0FA70,2025-08-09T11:00:00,21.1,68.0,0.0
C0FA70,2025-08-09T12:00:00,22.2,74.0,0.0
C0FA70,2025-08-09T13:00:00,22.0,85.0,0.0
C0FA70,2025-08-09T14:00:00,22.0,84.0,0.0
C0FA70,2025-08-09T15:00:00,19.2,91.0,0.0
C0FA70,2025-08-09T16:00:00,19.2,93.0,0.0
C0FA70,2025-08-09T17:00:00,19.5,95.0,0.0
C0FA70,2025-08-09T18:00:00,,,0.0
C0FA70,2025-08-09T19:00:00,18.8,92.0,0.0
C0FA70,2025-08-09T20:00:00,17.6,94.0,0.0
C0FA70,2025-08-09T21:00:00,17.3,93.0,0.0
C0FA70,2025-08-09T22:00:00,16.7,93.0,0.0
C0FA70,2025-08-09T23:00:00,16.2,93.0,0.0
C0FA70,2025-08-09T23:59:00,15.5,94.0,0.0
C0FA70,2025-08-10T01:00:00,14.6,88.0,0.0
C0FA70,2025-08-10T02:00:00,15.5,79.0,0.0
C0FA70,2025-08-10T03:00:00,16.1,74.0,0.0
C0FA70,2025-08-10T04:00:00,15.7,75.0,0.0
C0FA70,2025-08-10T05:00:00,15.8,80.0,0.0
C0FA70,2025-08-10T06:00:00,15.5,80.0,0.0
C0FA70,2025-08-10T07:00:00,18.6,72.0,0.0
C0FA70,2025-08-10T08:00:00,19.8,59.0,0.0
C0FA70,2025-08-10T09:00:00,19.9,70.0,0.0
C0FA70,2025-08-10T10:00:00,20.4,79.0,0.0
C0FA70,2025-08-10T11:00:00,21.3,82.0,0.0
C0FA70,2025-08-10T12:00:00,19.3,89.0,0.0
C0FA70,2025-08-10T13:00:00,19.3,94.0,0.0
C0FA70,2025-08-10T14:00:00,18.7,90.0,0.0
C0FA70,2025-08-10T15:00:00,18.4,90.0,0.0
C0FA70,2025-08-10T16:00:00,18.0,94.0,0.0
C0FA70,2025-08-10T17:00:00,19.0,90.0,0.0
C0FA70,2025-08-10T18:00:00,17.4,93.0,0.0
C0FA70,2025-08-10T19:00:00,17.7,92.0,0.0
C0FA70,2025-08-10T20:00:00,17.4,94.0,0.0
C0FA70,2025-08-10T21:00:00,17.2,95.0,0.0
C0FA70,2025-08-10T22:00:00,16.9,96.0,0.0
C0FA70,2025-08-10T23:00:00,17.0,95.0,0.0
C0FA70,2025-08-10T23:59:00,17.0,94.0,0.0
C0FA70,2025-08-11T01:00:00,,,0.0
C0FA70,2025-08-11T02:00:00,16.2,94.0,0.0
C0FA70,2025-08-11T03:00:00,15.8,94.0,0.0
C0FA70,2025-08-11T04:00:00,15.5,94.0,0.0
C0FA70,2025-08-11T05:00:00,15.3,93.0,0.0
C0FA70,2025-08-11T06:00:00,15.3,93.0,0.0
C0FA70,2025-08-11T07:00:00,17.5,93.0,0.0
C0FA70,2025-08-11T08:00:00,18.5,82.0,0.0
C0FA70,2025-08-11T09:00:00,18.6,79.0,0.0
C0FA70,2025-08-11T10:00:00,19.2,81.0,0.0
C0FA70,2025-08-11T11:00:00,19.8,87.0,0.0
C0FA70,2025-08-11T12:00:00,19.1,85.0,0.0
C0FA70,2025-08-11T13:00:00,19.2,89.0,0.0
C0FA70,2025-08-11T14:00:00,18.7,96.0,0.0
C0FA70,2025-08-11T15:00:00,18.5,95.0,0.0
C0FA70,2025-08-11T16:00:00,18.3,89.0,0.0
C0FA70,2025-08-11T17:00:00,17.6,92.0,0.0
C0FA70,2025-08-11T18:00:00,17.9,92.0,0.0
C0FA70,2025-08-11T19:00:00,16.9,95.0,0.0
C0FA70,2025-08-11T20:00:00,16.7,94.0,0.0
C0FA70,2025-08-11T21:00:00,16.3,93.0,0.0
C0FA70,2025-08-11T22:00:00,16.4,93.0,0.0
C0FA70,2025-08-11T23:00:00,16.2,91.0,0.0
C0FA70,2025-08-11T23:59:00,16.2,92.0,0.0
C0FA70,2025-08-12T01:00:00,16.3,95.0,0.0
C0FA70,2025-08-12T02:00:00,15.6,91.0,0.0
C0FA70,2025-08-12T03:00:00,15.4,92.0,0.0
C0FA70,2025-08-12T04:00:00,15.6,92.0,0.0
C0FA70,2025-08-12T05:00:00,15.4,92.0,0.0
C0FA70,2025-08-12T06:00:00,15.4,94.0,0.0
C0FA70,2025-08-12T07:00:00,19.0,89.0,0.0
C0FA70,2025-08-12T08:00:00,19.4,82.0,0.0
C0FA70,2025-08-12T09:00:00,21.7,56.0,0.0
C0FA70,2025-08-12T10:00:00,21.3,67.0,0.0
C0FA70,2025-08-12T11:00:00,19.4,94.0,0.0
C0FA70,2025-08-12T12:00:00,19.3,92.0,0.0
C0FA70,2025-08-12T13:00:00,19.9,91.0,0.0
C0FA70,2025-08-12T14:00:00,19.3,91.0,0.0
C0FA70,2025-08-12T15:00:00,19.0,91.0,0.0
C0FA70,2025-08-12T16:00:00,19.5,91.0,0.0
C0FA70,2025-08-12T17:00:00,18.9,92.0,0.0
C0FA70,2025-08-12T18:00:00,18.9,91.0,0.0
C0FA70,2025-08-12T19:00:00,18.1,92.0,0.0
C0FA70,2025-08-12T20:00:00,17.4,96.0,0.0
C0FA70,2025-08-12T21:00:00,15.9,95.0,0.0
C0FA70,2025-08-12T22:00:00,16.4,93.0,0.0
C0FA70,2025-08-12T23:00:00,15.9,88.0,0.0
C0FA70,2025-08-12T23:59:00,15.5,86.0,0.0
C0FA70,2025-08-13T01:00:00,16.2,81.0,0.0
C0FA70,2025-08-13T02:00:00,15.1,84.0,0.0
C0FA70,2025-08-13T03:00:00,16.3,78.0,0.0
C0FA70,2025-08-13T04:00:00,15.9,85.0,0.0
C0FA70,2025-08-13T05:00:00,16.7,82.0,0.0
C0FA70,2025-08-13T06:00:00,16.1,84.0,0.0
C0FA70,2025-08-13T07:00:00,14.9,93.0,0.0
C0FA70,2025-08-13T08:00:00,16.6,93.0,0.0
C0FA70,2025-08-13T09:00:00,16.8,85.0,0.0
C0FA70,2025-08-13T10:00:00,16.7,82.0,0.0
C0FA70,2025-08-13T11:00:00,16.7,90.0,0.0
C0FA70,2025-08-13T12:00:00,17.2,86.0,0.0
C0FA70,2025-08-13T13:00:00,16.8,92.0,0.0
C0FA70,2025-08-13T14:00:00,17.2,82.0,0.0
C0FA70,2025-08-13T15:00:00,,,0.0
C0FA70,2025-08-13T16:00:00,16.7,90.0,0.0
C0FA70,2025-08-13T17:00:00,16.6,89.0,0.0
C0FA70,2025-08-13T18:00:00,16.5,92.0,0.0
C0FA70,2025-08-13T19:00:00,16.9,85.0,0.0
C0FA70,2025-08-13T20:00:00,16.1,87.0,0.0
C0FA70,2025-08-13T21:00:00,15.6,92.0,0.0
C0FA70,2025-08-13T22:00:00,16.3,83.0,0.0
C0FA70,2025-08-13T23:00:00,16.5,84.0,0.0
C0FA70,2025-08-13T23:59:00,16.9,79.0,0.0
